region,model,model_family,scenario,variable,year,value,unit,source
Europe (R10),REMIND-Buildings 2.0,REMIND,BEG-Baseline,Final Energy|Residential and Commercial,2010,20.7399,EJ/yr,IIASA Scenario Compass SCI 2025 v1.0; Europe (R10); all
Europe (R10),REMIND-Buildings 2.0,REMIND,BEG-Baseline,Final Energy|Residential and Commercial,2015,18.7203,EJ/yr,IIASA Scenario Compass SCI 2025 v1.0; Europe (R10); all
Europe (R10),REMIND-Buildings 2.0,REMIND,BEG-Baseline,Final Energy|Residential and Commercial,2020,19.3961,EJ/yr,IIASA Scenario Compass SCI 2025 v1.0; Europe (R10); all
Europe (R10),REMIND-Buildings 2.0,REMIND,BEG-Baseline,Final Energy|Residential and Commercial,2025,19.5892,EJ/yr,IIASA Scenario Compass SCI 2025 v1.0; Europe (R10); all
Europe (R10),REMIND-Buildings 2.0,REMIND,BEG-Baseline,Final Energy|Residential and Commercial,2030,19.3363,EJ/yr,IIASA Scenario Compass SCI 2025 v1.0; Europe (R10); all
Europe (R10),REMIND-Buildings 2.0,REMIND,BEG-Baseline,Final Energy|Residential and Commercial,2035,19.3739,EJ/yr,IIASA Scenario Compass SCI 2025 v1.0; Europe (R10); all
Europe (R10),REMIND-Buildings 2.0,REMIND,BEG-Baseline,Final Energy|Residential and Commercial,2040,19.1337,EJ/yr,IIASA Scenario Compass SCI 2025 v1.0; Europe (R10); all
Europe (R10),REMIND-Buildings 2.0,REMIND,BEG-Baseline,Final Energy|Residential and Commercial,2045,19.0476,EJ/yr,IIASA Scenario Compass SCI 2025 v1.0; Europe (R10); all
Europe (R10),REMIND-Buildings 2.0,REMIND,BEG-Baseline,Final Energy|Residential and Commercial,2050,18.9404,EJ/yr,IIASA Scenario Compass SCI 2025 v1.0; Europe (R10); all
Europe (R10),REMIND-Buildings 2.0,REMIND,BEG-Baseline,Final Energy|Residential and Commercial,2055,18.6054,EJ/yr,IIASA Scenario Compass SCI 2025 v1.0; Europe (R10); all
Europe (R10),REMIND-Buildings 2.0,REMIND,BEG-Baseline,Final Energy|Residential and Commercial,2060,18.354,EJ/yr,IIASA Scenario Compass SCI 2025 v1.0; Europe (R10); all
Europe (R10),REMIND-Buildings 2.0,REMIND,BEG-Baseline,Final Energy|Residential and Commercial,2070,17.605,EJ/yr,IIASA Scenario Compass SCI 2025 v1.0; Europe (R10); all
Europe (R10),REMIND-Buildings 2.0,REMIND,BEG-Baseline,Final Energy|Residential and Commercial,2080,17.115,EJ/yr,IIASA Scenario Compass SCI 2025 v1.0; Europe (R10); all
Europe (R10),REMIND-Buildings 2.0,REMIND,BEG-Baseline,Final Energy|Residential and Commercial,2090,16.8976,EJ/yr,IIASA Scenario Compass SCI 2025 v1.0; Europe (R10); all
Europe (R10),REMIND-Buildings 2.0,REMIND,BEG-Baseline,Final Energy|Residential and Commercial,2100,16.9772,EJ/yr,IIASA Scenario Compass SCI 2025 v1.0; Europe (R10); all
Europe (R10),REMIND-Buildings 2.0,REMIND,BEG-Efficiency,Final Energy|Residential and Commercial,2010,20.7399,EJ/yr,IIASA Scenario Compass SCI 2025 v1.0; Europe (R10); all
Europe (R10),REMIND-Buildings 2.0,REMIND,BEG-Efficiency,Final Energy|Residential and Commercial,2015,18.7203,EJ/yr,IIASA Scenario Compass SCI 2025 v1.0; Europe (R10); all
Europe (R10),REMIND-Buildings 2.0,REMIND,BEG-Efficiency,Final Energy|Residential and Commercial,2020,19.3961,EJ/yr,IIASA Scenario Compass SCI 2025 v1.0; Europe (R10); all
Europe (R10),REMIND-Buildings 2.0,REMIND,BEG-Efficiency,Final Energy|Residential and Commercial,2025,18.8724,EJ/yr,IIASA Scenario Compass SCI 2025 v1.0; Europe (R10); all
Europe (R10),REMIND-Buildings 2.0,REMIND,BEG-Efficiency,Final Energy|Residential and Commercial,2030,17.9418,EJ/yr,IIASA Scenario Compass SCI 2025 v1.0; Europe (R10); all
Europe (R10),REMIND-Buildings 2.0,REMIND,BEG-Efficiency,Final Energy|Residential and Commercial,2035,17.1756,EJ/yr,IIASA Scenario Compass SCI 2025 v1.0; Europe (R10); all
Europe (R10),REMIND-Buildings 2.0,REMIND,BEG-Efficiency,Final Energy|Residential and Commercial,2040,16.369,EJ/yr,IIASA Scenario Compass SCI 2025 v1.0; Europe (R10); all
Europe (R10),REMIND-Buildings 2.0,REMIND,BEG-Efficiency,Final Energy|Residential and Commercial,2045,15.786,EJ/yr,IIASA Scenario Compass SCI 2025 v1.0; Europe (R10); all
Europe (R10),REMIND-Buildings 2.0,REMIND,BEG-Efficiency,Final Energy|Residential and Commercial,2050,15.1476,EJ/yr,IIASA Scenario Compass SCI 2025 v1.0; Europe (R10); all
Europe (R10),REMIND-Buildings 2.0,REMIND,BEG-Efficiency,Final Energy|Residential and Commercial,2055,14.6487,EJ/yr,IIASA Scenario Compass SCI 2025 v1.0; Europe (R10); all
Europe (R10),REMIND-Buildings 2.0,REMIND,BEG-Efficiency,Final Energy|Residential and Commercial,2060,14.3316,EJ/yr,IIASA Scenario Compass SCI 2025 v1.0; Europe (R10); all
Europe (R10),REMIND-Buildings 2.0,REMIND,BEG-Efficiency,Final Energy|Residential and Commercial,2070,13.1189,EJ/yr,IIASA Scenario Compass SCI 2025 v1.0; Europe (R10); all
Europe (R10),REMIND-Buildings 2.0,REMIND,BEG-Efficiency,Final Energy|Residential and Commercial,2080,12.4966,EJ/yr,IIASA Scenario Compass SCI 2025 v1.0; Europe (R10); all
Europe (R10),REMIND-Buildings 2.0,REMIND,BEG-Efficiency,Final Energy|Residential and Commercial,2090,12.0322,EJ/yr,IIASA Scenario Compass SCI 2025 v1.0; Europe (R10); all
Europe (R10),REMIND-Buildings 2.0,REMIND,BEG-Efficiency,Final Energy|Residential and Commercial,2100,11.4724,EJ/yr,IIASA Scenario Compass SCI 2025 v1.0; Europe (R10); all
Europe (R10),REMIND-MAgPIE 1.7-3.0,REMIND,CD-LINKS-NPi,Final Energy|Residential and Commercial,2010,20.3862,EJ/yr,IIASA Scenario Compass SCI 2025 v1.0; Europe (R10); all
Europe (R10),REMIND-MAgPIE 1.7-3.0,REMIND,CD-LINKS-NPi,Final Energy|Residential and Commercial,2015,21.3244,EJ/yr,IIASA Scenario Compass SCI 2025 v1.0; Europe (R10); all
Europe (R10),REMIND-MAgPIE 1.7-3.0,REMIND,CD-LINKS-NPi,Final Energy|Residential and Commercial,2020,21.5135,EJ/yr,IIASA Scenario Compass SCI 2025 v1.0; Europe (R10); all
Europe (R10),REMIND-MAgPIE 1.7-3.0,REMIND,CD-LINKS-NPi,Final Energy|Residential and Commercial,2025,21.8963,EJ/yr,IIASA Scenario Compass SCI 2025 v1.0; Europe (R10); all
Europe (R10),REMIND-MAgPIE 1.7-3.0,REMIND,CD-LINKS-NPi,Final Energy|Residential and Commercial,2030,22.7047,EJ/yr,IIASA Scenario Compass SCI 2025 v1.0; Europe (R10); all
Europe (R10),REMIND-MAgPIE 1.7-3.0,REMIND,CD-LINKS-NPi,Final Energy|Residential and Commercial,2035,23.5895,EJ/yr,IIASA Scenario Compass SCI 2025 v1.0; Europe (R10); all
Europe (R10),REMIND-MAgPIE 1.7-3.0,REMIND,CD-LINKS-NPi,Final Energy|Residential and Commercial,2040,24.3888,EJ/yr,IIASA Scenario Compass SCI 2025 v1.0; Europe (R10); all
Europe (R10),REMIND-MAgPIE 1.7-3.0,REMIND,CD-LINKS-NPi,Final Energy|Residential and Commercial,2045,24.8691,EJ/yr,IIASA Scenario Compass SCI 2025 v1.0; Europe (R10); all
Europe (R10),REMIND-MAgPIE 1.7-3.0,REMIND,CD-LINKS-NPi,Final Energy|Residential and Commercial,2050,25.4899,EJ/yr,IIASA Scenario Compass SCI 2025 v1.0; Europe (R10); all
Europe (R10),REMIND-MAgPIE 1.7-3.0,REMIND,CD-LINKS-NPi,Final Energy|Residential and Commercial,2055,26.34,EJ/yr,IIASA Scenario Compass SCI 2025 v1.0; Europe (R10); all
Europe (R10),REMIND-MAgPIE 1.7-3.0,REMIND,CD-LINKS-NPi,Final Energy|Residential and Commercial,2060,26.9012,EJ/yr,IIASA Scenario Compass SCI 2025 v1.0; Europe (R10); all
Europe (R10),REMIND-MAgPIE 1.7-3.0,REMIND,CD-LINKS-NPi,Final Energy|Residential and Commercial,2070,28.0036,EJ/yr,IIASA Scenario Compass SCI 2025 v1.0; Europe (R10); all
Europe (R10),REMIND-MAgPIE 1.7-3.0,REMIND,CD-LINKS-NPi,Final Energy|Residential and Commercial,2080,29.4932,EJ/yr,IIASA Scenario Compass SCI 2025 v1.0; Europe (R10); all
Europe (R10),REMIND-MAgPIE 1.7-3.0,REMIND,CD-LINKS-NPi,Final Energy|Residential and Commercial,2090,30.1206,EJ/yr,IIASA Scenario Compass SCI 2025 v1.0; Europe (R10); all
Europe (R10),REMIND-MAgPIE 1.7-3.0,REMIND,CD-LINKS-NPi,Final Energy|Residential and Commercial,2100,30.7696,EJ/yr,IIASA Scenario Compass SCI 2025 v1.0; Europe (R10); all
Europe (R10),REMIND-MAgPIE 1.7-3.0,REMIND,CD-LINKS-No-Policy,Final Energy|Residential and Commercial,2010,20.3862,EJ/yr,IIASA Scenario Compass SCI 2025 v1.0; Europe (R10); all
Europe (R10),REMIND-MAgPIE 1.7-3.0,REMIND,CD-LINKS-No-Policy,Final Energy|Residential and Commercial,2015,21.3108,EJ/yr,IIASA Scenario Compass SCI 2025 v1.0; Europe (R10); all
Europe (R10),REMIND-MAgPIE 1.7-3.0,REMIND,CD-LINKS-No-Policy,Final Energy|Residential and Commercial,2020,21.9424,EJ/yr,IIASA Scenario Compass SCI 2025 v1.0; Europe (R10); all
Europe (R10),REMIND-MAgPIE 1.7-3.0,REMIND,CD-LINKS-No-Policy,Final Energy|Residential and Commercial,2025,22.5671,EJ/yr,IIASA Scenario Compass SCI 2025 v1.0; Europe (R10); all
Europe (R10),REMIND-MAgPIE 1.7-3.0,REMIND,CD-LINKS-No-Policy,Final Energy|Residential and Commercial,2030,23.4412,EJ/yr,IIASA Scenario Compass SCI 2025 v1.0; Europe (R10); all
Europe (R10),REMIND-MAgPIE 1.7-3.0,REMIND,CD-LINKS-No-Policy,Final Energy|Residential and Commercial,2035,23.9997,EJ/yr,IIASA Scenario Compass SCI 2025 v1.0; Europe (R10); all
Europe (R10),REMIND-MAgPIE 1.7-3.0,REMIND,CD-LINKS-No-Policy,Final Energy|Residential and Commercial,2040,24.8709,EJ/yr,IIASA Scenario Compass SCI 2025 v1.0; Europe (R10); all
Europe (R10),REMIND-MAgPIE 1.7-3.0,REMIND,CD-LINKS-No-Policy,Final Energy|Residential and Commercial,2045,25.5743,EJ/yr,IIASA Scenario Compass SCI 2025 v1.0; Europe (R10); all
Europe (R10),REMIND-MAgPIE 1.7-3.0,REMIND,CD-LINKS-No-Policy,Final Energy|Residential and Commercial,2050,26.0965,EJ/yr,IIASA Scenario Compass SCI 2025 v1.0; Europe (R10); all
Europe (R10),REMIND-MAgPIE 1.7-3.0,REMIND,CD-LINKS-No-Policy,Final Energy|Residential and Commercial,2055,26.9356,EJ/yr,IIASA Scenario Compass SCI 2025 v1.0; Europe (R10); all
Europe (R10),REMIND-MAgPIE 1.7-3.0,REMIND,CD-LINKS-No-Policy,Final Energy|Residential and Commercial,2060,27.1057,EJ/yr,IIASA Scenario Compass SCI 2025 v1.0; Europe (R10); all
Europe (R10),REMIND-MAgPIE 1.7-3.0,REMIND,CD-LINKS-No-Policy,Final Energy|Residential and Commercial,2070,28.3952,EJ/yr,IIASA Scenario Compass SCI 2025 v1.0; Europe (R10); all
Europe (R10),REMIND-MAgPIE 1.7-3.0,REMIND,CD-LINKS-No-Policy,Final Energy|Residential and Commercial,2080,29.8049,EJ/yr,IIASA Scenario Compass SCI 2025 v1.0; Europe (R10); all
Europe (R10),REMIND-MAgPIE 1.7-3.0,REMIND,CD-LINKS-No-Policy,Final Energy|Residential and Commercial,2090,30.1525,EJ/yr,IIASA Scenario Compass SCI 2025 v1.0; Europe (R10); all
Europe (R10),REMIND-MAgPIE 1.7-3.0,REMIND,CD-LINKS-No-Policy,Final Energy|Residential and Commercial,2100,30.8285,EJ/yr,IIASA Scenario Compass SCI 2025 v1.0; Europe (R10); all
Europe (R10),REMIND 2.1,REMIND,CEMICS-NPI,Final Energy|Residential and Commercial,2010,20.5038,EJ/yr,IIASA Scenario Compass SCI 2025 v1.0; Europe (R10); all
Europe (R10),REMIND 2.1,REMIND,CEMICS-NPI,Final Energy|Residential and Commercial,2015,17.8716,EJ/yr,IIASA Scenario Compass SCI 2025 v1.0; Europe (R10); all
Europe (R10),REMIND 2.1,REMIND,CEMICS-NPI,Final Energy|Residential and Commercial,2020,18.2539,EJ/yr,IIASA Scenario Compass SCI 2025 v1.0; Europe (R10); all
Europe (R10),REMIND 2.1,REMIND,CEMICS-NPI,Final Energy|Residential and Commercial,2025,18.8247,EJ/yr,IIASA Scenario Compass SCI 2025 v1.0; Europe (R10); all
Europe (R10),REMIND 2.1,REMIND,CEMICS-NPI,Final Energy|Residential and Commercial,2030,18.645,EJ/yr,IIASA Scenario Compass SCI 2025 v1.0; Europe (R10); all
Europe (R10),REMIND 2.1,REMIND,CEMICS-NPI,Final Energy|Residential and Commercial,2035,18.8146,EJ/yr,IIASA Scenario Compass SCI 2025 v1.0; Europe (R10); all
Europe (R10),REMIND 2.1,REMIND,CEMICS-NPI,Final Energy|Residential and Commercial,2040,18.9255,EJ/yr,IIASA Scenario Compass SCI 2025 v1.0; Europe (R10); all
Europe (R10),REMIND 2.1,REMIND,CEMICS-NPI,Final Energy|Residential and Commercial,2045,18.3439,EJ/yr,IIASA Scenario Compass SCI 2025 v1.0; Europe (R10); all
Europe (R10),REMIND 2.1,REMIND,CEMICS-NPI,Final Energy|Residential and Commercial,2050,17.4546,EJ/yr,IIASA Scenario Compass SCI 2025 v1.0; Europe (R10); all
Europe (R10),REMIND 2.1,REMIND,CEMICS-NPI,Final Energy|Residential and Commercial,2055,16.7655,EJ/yr,IIASA Scenario Compass SCI 2025 v1.0; Europe (R10); all
Europe (R10),REMIND 2.1,REMIND,CEMICS-NPI,Final Energy|Residential and Commercial,2060,16.1675,EJ/yr,IIASA Scenario Compass SCI 2025 v1.0; Europe (R10); all
Europe (R10),REMIND 2.1,REMIND,CEMICS-NPI,Final Energy|Residential and Commercial,2070,15.6505,EJ/yr,IIASA Scenario Compass SCI 2025 v1.0; Europe (R10); all
Europe (R10),REMIND 2.1,REMIND,CEMICS-NPI,Final Energy|Residential and Commercial,2080,16.033,EJ/yr,IIASA Scenario Compass SCI 2025 v1.0; Europe (R10); all
Europe (R10),REMIND 2.1,REMIND,CEMICS-NPI,Final Energy|Residential and Commercial,2090,15.9266,EJ/yr,IIASA Scenario Compass SCI 2025 v1.0; Europe (R10); all
Europe (R10),REMIND 2.1,REMIND,CEMICS-NPI,Final Energy|Residential and Commercial,2100,16.0616,EJ/yr,IIASA Scenario Compass SCI 2025 v1.0; Europe (R10); all
Europe (R10),REMIND-MAgPIE 2.1-4.2,REMIND,CEMICS-SSP2-Npi,Final Energy|Residential and Commercial,2010,20.4779,EJ/yr,IIASA Scenario Compass SCI 2025 v1.0; Europe (R10); all
Europe (R10),REMIND-MAgPIE 2.1-4.2,REMIND,CEMICS-SSP2-Npi,Final Energy|Residential and Commercial,2015,17.8721,EJ/yr,IIASA Scenario Compass SCI 2025 v1.0; Europe (R10); all
Europe (R10),REMIND-MAgPIE 2.1-4.2,REMIND,CEMICS-SSP2-Npi,Final Energy|Residential and Commercial,2020,18.2645,EJ/yr,IIASA Scenario Compass SCI 2025 v1.0; Europe (R10); all
Europe (R10),REMIND-MAgPIE 2.1-4.2,REMIND,CEMICS-SSP2-Npi,Final Energy|Residential and Commercial,2025,18.8199,EJ/yr,IIASA Scenario Compass SCI 2025 v1.0; Europe (R10); all
Europe (R10),REMIND-MAgPIE 2.1-4.2,REMIND,CEMICS-SSP2-Npi,Final Energy|Residential and Commercial,2030,18.5404,EJ/yr,IIASA Scenario Compass SCI 2025 v1.0; Europe (R10); all
Europe (R10),REMIND-MAgPIE 2.1-4.2,REMIND,CEMICS-SSP2-Npi,Final Energy|Residential and Commercial,2035,18.7894,EJ/yr,IIASA Scenario Compass SCI 2025 v1.0; Europe (R10); all
Europe (R10),REMIND-MAgPIE 2.1-4.2,REMIND,CEMICS-SSP2-Npi,Final Energy|Residential and Commercial,2040,18.9092,EJ/yr,IIASA Scenario Compass SCI 2025 v1.0; Europe (R10); all
Europe (R10),REMIND-MAgPIE 2.1-4.2,REMIND,CEMICS-SSP2-Npi,Final Energy|Residential and Commercial,2045,18.3399,EJ/yr,IIASA Scenario Compass SCI 2025 v1.0; Europe (R10); all
Europe (R10),REMIND-MAgPIE 2.1-4.2,REMIND,CEMICS-SSP2-Npi,Final Energy|Residential and Commercial,2050,17.4882,EJ/yr,IIASA Scenario Compass SCI 2025 v1.0; Europe (R10); all
Europe (R10),REMIND-MAgPIE 2.1-4.2,REMIND,CEMICS-SSP2-Npi,Final Energy|Residential and Commercial,2055,16.7986,EJ/yr,IIASA Scenario Compass SCI 2025 v1.0; Europe (R10); all
Europe (R10),REMIND-MAgPIE 2.1-4.2,REMIND,CEMICS-SSP2-Npi,Final Energy|Residential and Commercial,2060,16.1965,EJ/yr,IIASA Scenario Compass SCI 2025 v1.0; Europe (R10); all
Europe (R10),REMIND-MAgPIE 2.1-4.2,REMIND,CEMICS-SSP2-Npi,Final Energy|Residential and Commercial,2070,15.7123,EJ/yr,IIASA Scenario Compass SCI 2025 v1.0; Europe (R10); all
Europe (R10),REMIND-MAgPIE 2.1-4.2,REMIND,CEMICS-SSP2-Npi,Final Energy|Residential and Commercial,2080,16.0522,EJ/yr,IIASA Scenario Compass SCI 2025 v1.0; Europe (R10); all
Europe (R10),REMIND-MAgPIE 2.1-4.2,REMIND,CEMICS-SSP2-Npi,Final Energy|Residential and Commercial,2090,15.9236,EJ/yr,IIASA Scenario Compass SCI 2025 v1.0; Europe (R10); all
Europe (R10),REMIND-MAgPIE 2.1-4.2,REMIND,CEMICS-SSP2-Npi,Final Energy|Residential and Commercial,2100,16.035,EJ/yr,IIASA Scenario Compass SCI 2025 v1.0; Europe (R10); all
Europe (R10),IMAGE 3.0,IMAGE,COMMIT-Baseline,Final Energy|Residential and Commercial,2010,1.380470031738281,EJ/yr,IIASA Scenario Compass SCI 2025 v1.0; Europe (R10); all
Europe (R10),IMAGE 3.0,IMAGE,COMMIT-Baseline,Final Energy|Residential and Commercial,2015,1.614622802734375,EJ/yr,IIASA Scenario Compass SCI 2025 v1.0; Europe (R10); all
Europe (R10),IMAGE 3.0,IMAGE,COMMIT-Baseline,Final Energy|Residential and Commercial,2020,1.777750610351563,EJ/yr,IIASA Scenario Compass SCI 2025 v1.0; Europe (R10); all
Europe (R10),IMAGE 3.0,IMAGE,COMMIT-Baseline,Final Energy|Residential and Commercial,2025,1.903775939941406,EJ/yr,IIASA Scenario Compass SCI 2025 v1.0; Europe (R10); all
Europe (R10),IMAGE 3.0,IMAGE,COMMIT-Baseline,Final Energy|Residential and Commercial,2030,2.041255615234375,EJ/yr,IIASA Scenario Compass SCI 2025 v1.0; Europe (R10); all
Europe (R10),IMAGE 3.0,IMAGE,COMMIT-Baseline,Final Energy|Residential and Commercial,2035,2.192902709960938,EJ/yr,IIASA Scenario Compass SCI 2025 v1.0; Europe (R10); all
Europe (R10),IMAGE 3.0,IMAGE,COMMIT-Baseline,Final Energy|Residential and Commercial,2040,2.326864990234375,EJ/yr,IIASA Scenario Compass SCI 2025 v1.0; Europe (R10); all
Europe (R10),IMAGE 3.0,IMAGE,COMMIT-Baseline,Final Energy|Residential and Commercial,2045,2.434794921875,EJ/yr,IIASA Scenario Compass SCI 2025 v1.0; Europe (R10); all
Europe (R10),IMAGE 3.0,IMAGE,COMMIT-Baseline,Final Energy|Residential and Commercial,2050,2.5167080078125,EJ/yr,IIASA Scenario Compass SCI 2025 v1.0; Europe (R10); all
Europe (R10),IMAGE 3.0,IMAGE,COMMIT-Baseline,Final Energy|Residential and Commercial,2060,2.813594970703125,EJ/yr,IIASA Scenario Compass SCI 2025 v1.0; Europe (R10); all
Europe (R10),IMAGE 3.0,IMAGE,COMMIT-Baseline,Final Energy|Residential and Commercial,2070,3.0178330078125,EJ/yr,IIASA Scenario Compass SCI 2025 v1.0; Europe (R10); all
Europe (R10),IMAGE 3.0,IMAGE,COMMIT-Baseline,Final Energy|Residential and Commercial,2080,3.126835083007812,EJ/yr,IIASA Scenario Compass SCI 2025 v1.0; Europe (R10); all
Europe (R10),IMAGE 3.0,IMAGE,COMMIT-Baseline,Final Energy|Residential and Commercial,2090,3.143910034179688,EJ/yr,IIASA Scenario Compass SCI 2025 v1.0; Europe (R10); all
Europe (R10),IMAGE 3.0,IMAGE,COMMIT-Baseline,Final Energy|Residential and Commercial,2100,3.1097080078125,EJ/yr,IIASA Scenario Compass SCI 2025 v1.0; Europe (R10); all
Europe (R10),IMAGE 3.0,IMAGE,COMMIT-Current-Policies,Final Energy|Residential and Commercial,2010,1.380468048095703,EJ/yr,IIASA Scenario Compass SCI 2025 v1.0; Europe (R10); all
Europe (R10),IMAGE 3.0,IMAGE,COMMIT-Current-Policies,Final Energy|Residential and Commercial,2015,1.614362396240234,EJ/yr,IIASA Scenario Compass SCI 2025 v1.0; Europe (R10); all
Europe (R10),IMAGE 3.0,IMAGE,COMMIT-Current-Policies,Final Energy|Residential and Commercial,2020,1.774724639892578,EJ/yr,IIASA Scenario Compass SCI 2025 v1.0; Europe (R10); all
Europe (R10),IMAGE 3.0,IMAGE,COMMIT-Current-Policies,Final Energy|Residential and Commercial,2025,1.900824035644532,EJ/yr,IIASA Scenario Compass SCI 2025 v1.0; Europe (R10); all
Europe (R10),IMAGE 3.0,IMAGE,COMMIT-Current-Policies,Final Energy|Residential and Commercial,2030,2.045462951660156,EJ/yr,IIASA Scenario Compass SCI 2025 v1.0; Europe (R10); all
Europe (R10),IMAGE 3.0,IMAGE,COMMIT-Current-Policies,Final Energy|Residential and Commercial,2035,2.195789245605469,EJ/yr,IIASA Scenario Compass SCI 2025 v1.0; Europe (R10); all
Europe (R10),IMAGE 3.0,IMAGE,COMMIT-Current-Policies,Final Energy|Residential and Commercial,2040,2.320929382324219,EJ/yr,IIASA Scenario Compass SCI 2025 v1.0; Europe (R10); all
Europe (R10),IMAGE 3.0,IMAGE,COMMIT-Current-Policies,Final Energy|Residential and Commercial,2045,2.413097961425781,EJ/yr,IIASA Scenario Compass SCI 2025 v1.0; Europe (R10); all
Europe (R10),IMAGE 3.0,IMAGE,COMMIT-Current-Policies,Final Energy|Residential and Commercial,2050,2.500344970703125,EJ/yr,IIASA Scenario Compass SCI 2025 v1.0; Europe (R10); all
Europe (R10),IMAGE 3.0,IMAGE,COMMIT-Current-Policies,Final Energy|Residential and Commercial,2060,2.768360961914063,EJ/yr,IIASA Scenario Compass SCI 2025 v1.0; Europe (R10); all
Europe (R10),IMAGE 3.0,IMAGE,COMMIT-Current-Policies,Final Energy|Residential and Commercial,2070,2.954035034179688,EJ/yr,IIASA Scenario Compass SCI 2025 v1.0; Europe (R10); all
Europe (R10),IMAGE 3.0,IMAGE,COMMIT-Current-Policies,Final Energy|Residential and Commercial,2080,3.067076049804688,EJ/yr,IIASA Scenario Compass SCI 2025 v1.0; Europe (R10); all
Europe (R10),IMAGE 3.0,IMAGE,COMMIT-Current-Policies,Final Energy|Residential and Commercial,2090,3.089974975585938,EJ/yr,IIASA Scenario Compass SCI 2025 v1.0; Europe (R10); all
Europe (R10),IMAGE 3.0,IMAGE,COMMIT-Current-Policies,Final Energy|Residential and Commercial,2100,3.028886962890625,EJ/yr,IIASA Scenario Compass SCI 2025 v1.0; Europe (R10); all
Europe (R10),WITCH 5.0,WITCH,COMMIT-Baseline,Final Energy|Residential and Commercial,2010,18.2656494315,EJ/yr,IIASA Scenario Compass SCI 2025 v1.0; Europe (R10); all
Europe (R10),WITCH 5.0,WITCH,COMMIT-Baseline,Final Energy|Residential and Commercial,2015,17.36418418,EJ/yr,IIASA Scenario Compass SCI 2025 v1.0; Europe (R10); all
Europe (R10),WITCH 5.0,WITCH,COMMIT-Baseline,Final Energy|Residential and Commercial,2020,16.6452239920312,EJ/yr,IIASA Scenario Compass SCI 2025 v1.0; Europe (R10); all
Europe (R10),WITCH 5.0,WITCH,COMMIT-Baseline,Final Energy|Residential and Commercial,2025,18.8130838415034,EJ/yr,IIASA Scenario Compass SCI 2025 v1.0; Europe (R10); all
Europe (R10),WITCH 5.0,WITCH,COMMIT-Baseline,Final Energy|Residential and Commercial,2030,20.2890121640032,EJ/yr,IIASA Scenario Compass SCI 2025 v1.0; Europe (R10); all
Europe (R10),WITCH 5.0,WITCH,COMMIT-Baseline,Final Energy|Residential and Commercial,2035,21.8097176852022,EJ/yr,IIASA Scenario Compass SCI 2025 v1.0; Europe (R10); all
Europe (R10),WITCH 5.0,WITCH,COMMIT-Baseline,Final Energy|Residential and Commercial,2040,23.0975685786923,EJ/yr,IIASA Scenario Compass SCI 2025 v1.0; Europe (R10); all
Europe (R10),WITCH 5.0,WITCH,COMMIT-Baseline,Final Energy|Residential and Commercial,2045,24.2048015538812,EJ/yr,IIASA Scenario Compass SCI 2025 v1.0; Europe (R10); all
Europe (R10),WITCH 5.0,WITCH,COMMIT-Baseline,Final Energy|Residential and Commercial,2050,25.5007379799894,EJ/yr,IIASA Scenario Compass SCI 2025 v1.0; Europe (R10); all
Europe (R10),WITCH 5.0,WITCH,COMMIT-Baseline,Final Energy|Residential and Commercial,2055,26.663343529287,EJ/yr,IIASA Scenario Compass SCI 2025 v1.0; Europe (R10); all
Europe (R10),WITCH 5.0,WITCH,COMMIT-Baseline,Final Energy|Residential and Commercial,2060,27.8157472126546,EJ/yr,IIASA Scenario Compass SCI 2025 v1.0; Europe (R10); all
Europe (R10),WITCH 5.0,WITCH,COMMIT-Baseline,Final Energy|Residential and Commercial,2065,29.2292254331529,EJ/yr,IIASA Scenario Compass SCI 2025 v1.0; Europe (R10); all
Europe (R10),WITCH 5.0,WITCH,COMMIT-Baseline,Final Energy|Residential and Commercial,2070,30.4724661061207,EJ/yr,IIASA Scenario Compass SCI 2025 v1.0; Europe (R10); all
Europe (R10),WITCH 5.0,WITCH,COMMIT-Baseline,Final Energy|Residential and Commercial,2075,31.5748842418339,EJ/yr,IIASA Scenario Compass SCI 2025 v1.0; Europe (R10); all
Europe (R10),WITCH 5.0,WITCH,COMMIT-Baseline,Final Energy|Residential and Commercial,2080,32.7582371952085,EJ/yr,IIASA Scenario Compass SCI 2025 v1.0; Europe (R10); all
Europe (R10),WITCH 5.0,WITCH,COMMIT-Baseline,Final Energy|Residential and Commercial,2085,34.0573168924142,EJ/yr,IIASA Scenario Compass SCI 2025 v1.0; Europe (R10); all
Europe (R10),WITCH 5.0,WITCH,COMMIT-Baseline,Final Energy|Residential and Commercial,2090,35.4502877940613,EJ/yr,IIASA Scenario Compass SCI 2025 v1.0; Europe (R10); all
Europe (R10),WITCH 5.0,WITCH,COMMIT-Baseline,Final Energy|Residential and Commercial,2095,36.140731749782,EJ/yr,IIASA Scenario Compass SCI 2025 v1.0; Europe (R10); all
Europe (R10),WITCH 5.0,WITCH,COMMIT-Baseline,Final Energy|Residential and Commercial,2100,37.54099758532271,EJ/yr,IIASA Scenario Compass SCI 2025 v1.0; Europe (R10); all
Europe (R10),IMAGE 3.2,IMAGE,SSP2021-SSP2-Baseline,Final Energy|Residential and Commercial,2010,20.8890758972168,EJ/yr,IIASA Scenario Compass SCI 2025 v1.0; Europe (R10); all
Europe (R10),IMAGE 3.2,IMAGE,SSP2021-SSP2-Baseline,Final Energy|Residential and Commercial,2015,20.86218466186524,EJ/yr,IIASA Scenario Compass SCI 2025 v1.0; Europe (R10); all
Europe (R10),IMAGE 3.2,IMAGE,SSP2021-SSP2-Baseline,Final Energy|Residential and Commercial,2020,20.13318954467773,EJ/yr,IIASA Scenario Compass SCI 2025 v1.0; Europe (R10); all
Europe (R10),IMAGE 3.2,IMAGE,SSP2021-SSP2-Baseline,Final Energy|Residential and Commercial,2025,21.4697338256836,EJ/yr,IIASA Scenario Compass SCI 2025 v1.0; Europe (R10); all
Europe (R10),IMAGE 3.2,IMAGE,SSP2021-SSP2-Baseline,Final Energy|Residential and Commercial,2030,21.67409564208985,EJ/yr,IIASA Scenario Compass SCI 2025 v1.0; Europe (R10); all
Europe (R10),IMAGE 3.2,IMAGE,SSP2021-SSP2-Baseline,Final Energy|Residential and Commercial,2035,21.70886169433594,EJ/yr,IIASA Scenario Compass SCI 2025 v1.0; Europe (R10); all
Europe (R10),IMAGE 3.2,IMAGE,SSP2021-SSP2-Baseline,Final Energy|Residential and Commercial,2040,21.65446447753907,EJ/yr,IIASA Scenario Compass SCI 2025 v1.0; Europe (R10); all
Europe (R10),IMAGE 3.2,IMAGE,SSP2021-SSP2-Baseline,Final Energy|Residential and Commercial,2045,21.44833422851563,EJ/yr,IIASA Scenario Compass SCI 2025 v1.0; Europe (R10); all
Europe (R10),IMAGE 3.2,IMAGE,SSP2021-SSP2-Baseline,Final Energy|Residential and Commercial,2050,20.99059545898438,EJ/yr,IIASA Scenario Compass SCI 2025 v1.0; Europe (R10); all
Europe (R10),IMAGE 3.2,IMAGE,SSP2021-SSP2-Baseline,Final Energy|Residential and Commercial,2055,20.47667572021484,EJ/yr,IIASA Scenario Compass SCI 2025 v1.0; Europe (R10); all
Europe (R10),IMAGE 3.2,IMAGE,SSP2021-SSP2-Baseline,Final Energy|Residential and Commercial,2060,19.99400177001953,EJ/yr,IIASA Scenario Compass SCI 2025 v1.0; Europe (R10); all
Europe (R10),IMAGE 3.2,IMAGE,SSP2021-SSP2-Baseline,Final Energy|Residential and Commercial,2065,19.55294598388672,EJ/yr,IIASA Scenario Compass SCI 2025 v1.0; Europe (R10); all
Europe (R10),IMAGE 3.2,IMAGE,SSP2021-SSP2-Baseline,Final Energy|Residential and Commercial,2070,19.23162365722656,EJ/yr,IIASA Scenario Compass SCI 2025 v1.0; Europe (R10); all
Europe (R10),IMAGE 3.2,IMAGE,SSP2021-SSP2-Baseline,Final Energy|Residential and Commercial,2075,18.97834240722656,EJ/yr,IIASA Scenario Compass SCI 2025 v1.0; Europe (R10); all
Europe (R10),IMAGE 3.2,IMAGE,SSP2021-SSP2-Baseline,Final Energy|Residential and Commercial,2080,18.66292834472656,EJ/yr,IIASA Scenario Compass SCI 2025 v1.0; Europe (R10); all
Europe (R10),IMAGE 3.2,IMAGE,SSP2021-SSP2-Baseline,Final Energy|Residential and Commercial,2085,18.34937512207032,EJ/yr,IIASA Scenario Compass SCI 2025 v1.0; Europe (R10); all
Europe (R10),IMAGE 3.2,IMAGE,SSP2021-SSP2-Baseline,Final Energy|Residential and Commercial,2090,18.00615905761719,EJ/yr,IIASA Scenario Compass SCI 2025 v1.0; Europe (R10); all
Europe (R10),IMAGE 3.2,IMAGE,SSP2021-SSP2-Baseline,Final Energy|Residential and Commercial,2095,17.63591314697265,EJ/yr,IIASA Scenario Compass SCI 2025 v1.0; Europe (R10); all
Europe (R10),IMAGE 3.2,IMAGE,SSP2021-SSP2-Baseline,Final Energy|Residential and Commercial,2100,17.13421466064453,EJ/yr,IIASA Scenario Compass SCI 2025 v1.0; Europe (R10); all
Europe (R10),IMAGE 3.2,IMAGE,SSP2021-SSP3-Baseline,Final Energy|Residential and Commercial,2010,20.88935226440429,EJ/yr,IIASA Scenario Compass SCI 2025 v1.0; Europe (R10); all
Europe (R10),IMAGE 3.2,IMAGE,SSP2021-SSP3-Baseline,Final Energy|Residential and Commercial,2015,20.86273812866211,EJ/yr,IIASA Scenario Compass SCI 2025 v1.0; Europe (R10); all
Europe (R10),IMAGE 3.2,IMAGE,SSP2021-SSP3-Baseline,Final Energy|Residential and Commercial,2020,20.1344296875,EJ/yr,IIASA Scenario Compass SCI 2025 v1.0; Europe (R10); all
Europe (R10),IMAGE 3.2,IMAGE,SSP2021-SSP3-Baseline,Final Energy|Residential and Commercial,2025,21.30415362548828,EJ/yr,IIASA Scenario Compass SCI 2025 v1.0; Europe (R10); all
Europe (R10),IMAGE 3.2,IMAGE,SSP2021-SSP3-Baseline,Final Energy|Residential and Commercial,2030,21.19338037109375,EJ/yr,IIASA Scenario Compass SCI 2025 v1.0; Europe (R10); all
Europe (R10),IMAGE 3.2,IMAGE,SSP2021-SSP3-Baseline,Final Energy|Residential and Commercial,2035,20.93696374511718,EJ/yr,IIASA Scenario Compass SCI 2025 v1.0; Europe (R10); all
Europe (R10),IMAGE 3.2,IMAGE,SSP2021-SSP3-Baseline,Final Energy|Residential and Commercial,2040,20.70893133544922,EJ/yr,IIASA Scenario Compass SCI 2025 v1.0; Europe (R10); all
Europe (R10),IMAGE 3.2,IMAGE,SSP2021-SSP3-Baseline,Final Energy|Residential and Commercial,2045,20.31419677734376,EJ/yr,IIASA Scenario Compass SCI 2025 v1.0; Europe (R10); all
Europe (R10),IMAGE 3.2,IMAGE,SSP2021-SSP3-Baseline,Final Energy|Residential and Commercial,2050,19.72477264404297,EJ/yr,IIASA Scenario Compass SCI 2025 v1.0; Europe (R10); all
Europe (R10),IMAGE 3.2,IMAGE,SSP2021-SSP3-Baseline,Final Energy|Residential and Commercial,2055,19.21123120117188,EJ/yr,IIASA Scenario Compass SCI 2025 v1.0; Europe (R10); all
Europe (R10),IMAGE 3.2,IMAGE,SSP2021-SSP3-Baseline,Final Energy|Residential and Commercial,2060,18.668681640625,EJ/yr,IIASA Scenario Compass SCI 2025 v1.0; Europe (R10); all
Europe (R10),IMAGE 3.2,IMAGE,SSP2021-SSP3-Baseline,Final Energy|Residential and Commercial,2065,18.11258349609375,EJ/yr,IIASA Scenario Compass SCI 2025 v1.0; Europe (R10); all
Europe (R10),IMAGE 3.2,IMAGE,SSP2021-SSP3-Baseline,Final Energy|Residential and Commercial,2070,17.55223327636719,EJ/yr,IIASA Scenario Compass SCI 2025 v1.0; Europe (R10); all
Europe (R10),IMAGE 3.2,IMAGE,SSP2021-SSP3-Baseline,Final Energy|Residential and Commercial,2075,17.00286401367187,EJ/yr,IIASA Scenario Compass SCI 2025 v1.0; Europe (R10); all
Europe (R10),IMAGE 3.2,IMAGE,SSP2021-SSP3-Baseline,Final Energy|Residential and Commercial,2080,16.43191955566406,EJ/yr,IIASA Scenario Compass SCI 2025 v1.0; Europe (R10); all
Europe (R10),IMAGE 3.2,IMAGE,SSP2021-SSP3-Baseline,Final Energy|Residential and Commercial,2085,15.9086611328125,EJ/yr,IIASA Scenario Compass SCI 2025 v1.0; Europe (R10); all
Europe (R10),IMAGE 3.2,IMAGE,SSP2021-SSP3-Baseline,Final Energy|Residential and Commercial,2090,15.39951306152344,EJ/yr,IIASA Scenario Compass SCI 2025 v1.0; Europe (R10); all
Europe (R10),IMAGE 3.2,IMAGE,SSP2021-SSP3-Baseline,Final Energy|Residential and Commercial,2095,14.91341003417969,EJ/yr,IIASA Scenario Compass SCI 2025 v1.0; Europe (R10); all
Europe (R10),IMAGE 3.2,IMAGE,SSP2021-SSP3-Baseline,Final Energy|Residential and Commercial,2100,14.38943133544922,EJ/yr,IIASA Scenario Compass SCI 2025 v1.0; Europe (R10); all
Europe (R10),IMAGE 3.2,IMAGE,SSP2021-SSP5-Baseline,Final Energy|Residential and Commercial,2010,20.88947549438477,EJ/yr,IIASA Scenario Compass SCI 2025 v1.0; Europe (R10); all
Europe (R10),IMAGE 3.2,IMAGE,SSP2021-SSP5-Baseline,Final Energy|Residential and Commercial,2015,20.86309323120117,EJ/yr,IIASA Scenario Compass SCI 2025 v1.0; Europe (R10); all
Europe (R10),IMAGE 3.2,IMAGE,SSP2021-SSP5-Baseline,Final Energy|Residential and Commercial,2020,20.13468139648437,EJ/yr,IIASA Scenario Compass SCI 2025 v1.0; Europe (R10); all
Europe (R10),IMAGE 3.2,IMAGE,SSP2021-SSP5-Baseline,Final Energy|Residential and Commercial,2025,22.13581274414062,EJ/yr,IIASA Scenario Compass SCI 2025 v1.0; Europe (R10); all
Europe (R10),IMAGE 3.2,IMAGE,SSP2021-SSP5-Baseline,Final Energy|Residential and Commercial,2030,23.55427282714844,EJ/yr,IIASA Scenario Compass SCI 2025 v1.0; Europe (R10); all
Europe (R10),IMAGE 3.2,IMAGE,SSP2021-SSP5-Baseline,Final Energy|Residential and Commercial,2035,24.96718701171876,EJ/yr,IIASA Scenario Compass SCI 2025 v1.0; Europe (R10); all
Europe (R10),IMAGE 3.2,IMAGE,SSP2021-SSP5-Baseline,Final Energy|Residential and Commercial,2040,26.24167926025391,EJ/yr,IIASA Scenario Compass SCI 2025 v1.0; Europe (R10); all
Europe (R10),IMAGE 3.2,IMAGE,SSP2021-SSP5-Baseline,Final Energy|Residential and Commercial,2045,27.14273657226562,EJ/yr,IIASA Scenario Compass SCI 2025 v1.0; Europe (R10); all
Europe (R10),IMAGE 3.2,IMAGE,SSP2021-SSP5-Baseline,Final Energy|Residential and Commercial,2050,27.706513671875,EJ/yr,IIASA Scenario Compass SCI 2025 v1.0; Europe (R10); all
Europe (R10),IMAGE 3.2,IMAGE,SSP2021-SSP5-Baseline,Final Energy|Residential and Commercial,2055,28.04043408203125,EJ/yr,IIASA Scenario Compass SCI 2025 v1.0; Europe (R10); all
Europe (R10),IMAGE 3.2,IMAGE,SSP2021-SSP5-Baseline,Final Energy|Residential and Commercial,2060,28.23459899902344,EJ/yr,IIASA Scenario Compass SCI 2025 v1.0; Europe (R10); all
Europe (R10),IMAGE 3.2,IMAGE,SSP2021-SSP5-Baseline,Final Energy|Residential and Commercial,2065,28.33624523925781,EJ/yr,IIASA Scenario Compass SCI 2025 v1.0; Europe (R10); all
Europe (R10),IMAGE 3.2,IMAGE,SSP2021-SSP5-Baseline,Final Energy|Residential and Commercial,2070,28.30505358886719,EJ/yr,IIASA Scenario Compass SCI 2025 v1.0; Europe (R10); all
Europe (R10),IMAGE 3.2,IMAGE,SSP2021-SSP5-Baseline,Final Energy|Residential and Commercial,2075,28.21423327636719,EJ/yr,IIASA Scenario Compass SCI 2025 v1.0; Europe (R10); all
Europe (R10),IMAGE 3.2,IMAGE,SSP2021-SSP5-Baseline,Final Energy|Residential and Commercial,2080,28.06145617675781,EJ/yr,IIASA Scenario Compass SCI 2025 v1.0; Europe (R10); all
Europe (R10),IMAGE 3.2,IMAGE,SSP2021-SSP5-Baseline,Final Energy|Residential and Commercial,2085,27.82608630371094,EJ/yr,IIASA Scenario Compass SCI 2025 v1.0; Europe (R10); all
Europe (R10),IMAGE 3.2,IMAGE,SSP2021-SSP5-Baseline,Final Energy|Residential and Commercial,2090,27.52350817871094,EJ/yr,IIASA Scenario Compass SCI 2025 v1.0; Europe (R10); all
Europe (R10),IMAGE 3.2,IMAGE,SSP2021-SSP5-Baseline,Final Energy|Residential and Commercial,2095,27.23441369628906,EJ/yr,IIASA Scenario Compass SCI 2025 v1.0; Europe (R10); all
Europe (R10),IMAGE 3.2,IMAGE,SSP2021-SSP5-Baseline,Final Energy|Residential and Commercial,2100,26.891294921875,EJ/yr,IIASA Scenario Compass SCI 2025 v1.0; Europe (R10); all
Europe (R10),REMIND 2.1,REMIND,LeastTotalCost-Base-brkLR15-SSP2-P50,Final Energy|Residential and Commercial,2010,20.4935,EJ/yr,IIASA Scenario Compass SCI 2025 v1.0; Europe (R10); all
Europe (R10),REMIND 2.1,REMIND,LeastTotalCost-Base-brkLR15-SSP2-P50,Final Energy|Residential and Commercial,2015,17.9513,EJ/yr,IIASA Scenario Compass SCI 2025 v1.0; Europe (R10); all
Europe (R10),REMIND 2.1,REMIND,LeastTotalCost-Base-brkLR15-SSP2-P50,Final Energy|Residential and Commercial,2020,18.3457,EJ/yr,IIASA Scenario Compass SCI 2025 v1.0; Europe (R10); all
Europe (R10),REMIND 2.1,REMIND,LeastTotalCost-Base-brkLR15-SSP2-P50,Final Energy|Residential and Commercial,2025,19.009,EJ/yr,IIASA Scenario Compass SCI 2025 v1.0; Europe (R10); all
Europe (R10),REMIND 2.1,REMIND,LeastTotalCost-Base-brkLR15-SSP2-P50,Final Energy|Residential and Commercial,2030,19.1543,EJ/yr,IIASA Scenario Compass SCI 2025 v1.0; Europe (R10); all
Europe (R10),REMIND 2.1,REMIND,LeastTotalCost-Base-brkLR15-SSP2-P50,Final Energy|Residential and Commercial,2035,19.036,EJ/yr,IIASA Scenario Compass SCI 2025 v1.0; Europe (R10); all
Europe (R10),REMIND 2.1,REMIND,LeastTotalCost-Base-brkLR15-SSP2-P50,Final Energy|Residential and Commercial,2040,18.4379,EJ/yr,IIASA Scenario Compass SCI 2025 v1.0; Europe (R10); all
Europe (R10),REMIND 2.1,REMIND,LeastTotalCost-Base-brkLR15-SSP2-P50,Final Energy|Residential and Commercial,2045,17.5355,EJ/yr,IIASA Scenario Compass SCI 2025 v1.0; Europe (R10); all
Europe (R10),REMIND 2.1,REMIND,LeastTotalCost-Base-brkLR15-SSP2-P50,Final Energy|Residential and Commercial,2050,16.7725,EJ/yr,IIASA Scenario Compass SCI 2025 v1.0; Europe (R10); all
Europe (R10),REMIND 2.1,REMIND,LeastTotalCost-Base-brkLR15-SSP2-P50,Final Energy|Residential and Commercial,2055,16.1737,EJ/yr,IIASA Scenario Compass SCI 2025 v1.0; Europe (R10); all
Europe (R10),REMIND 2.1,REMIND,LeastTotalCost-Base-brkLR15-SSP2-P50,Final Energy|Residential and Commercial,2060,15.6623,EJ/yr,IIASA Scenario Compass SCI 2025 v1.0; Europe (R10); all
Europe (R10),REMIND 2.1,REMIND,LeastTotalCost-Base-brkLR15-SSP2-P50,Final Energy|Residential and Commercial,2070,14.7315,EJ/yr,IIASA Scenario Compass SCI 2025 v1.0; Europe (R10); all
Europe (R10),REMIND 2.1,REMIND,LeastTotalCost-Base-brkLR15-SSP2-P50,Final Energy|Residential and Commercial,2080,14.1838,EJ/yr,IIASA Scenario Compass SCI 2025 v1.0; Europe (R10); all
Europe (R10),REMIND 2.1,REMIND,LeastTotalCost-Base-brkLR15-SSP2-P50,Final Energy|Residential and Commercial,2090,13.605,EJ/yr,IIASA Scenario Compass SCI 2025 v1.0; Europe (R10); all
Europe (R10),REMIND 2.1,REMIND,LeastTotalCost-Base-brkLR15-SSP2-P50,Final Energy|Residential and Commercial,2100,13.2527,EJ/yr,IIASA Scenario Compass SCI 2025 v1.0; Europe (R10); all
Europe (R10),REMIND 2.1,REMIND,LeastTotalCost-Base-brkLR15-SSP5-P50,Final Energy|Residential and Commercial,2010,20.4632,EJ/yr,IIASA Scenario Compass SCI 2025 v1.0; Europe (R10); all
Europe (R10),REMIND 2.1,REMIND,LeastTotalCost-Base-brkLR15-SSP5-P50,Final Energy|Residential and Commercial,2015,17.9253,EJ/yr,IIASA Scenario Compass SCI 2025 v1.0; Europe (R10); all
Europe (R10),REMIND 2.1,REMIND,LeastTotalCost-Base-brkLR15-SSP5-P50,Final Energy|Residential and Commercial,2020,18.9591,EJ/yr,IIASA Scenario Compass SCI 2025 v1.0; Europe (R10); all
Europe (R10),REMIND 2.1,REMIND,LeastTotalCost-Base-brkLR15-SSP5-P50,Final Energy|Residential and Commercial,2025,20.3638,EJ/yr,IIASA Scenario Compass SCI 2025 v1.0; Europe (R10); all
Europe (R10),REMIND 2.1,REMIND,LeastTotalCost-Base-brkLR15-SSP5-P50,Final Energy|Residential and Commercial,2030,21.5537,EJ/yr,IIASA Scenario Compass SCI 2025 v1.0; Europe (R10); all
Europe (R10),REMIND 2.1,REMIND,LeastTotalCost-Base-brkLR15-SSP5-P50,Final Energy|Residential and Commercial,2035,22.8269,EJ/yr,IIASA Scenario Compass SCI 2025 v1.0; Europe (R10); all
Europe (R10),REMIND 2.1,REMIND,LeastTotalCost-Base-brkLR15-SSP5-P50,Final Energy|Residential and Commercial,2040,23.4144,EJ/yr,IIASA Scenario Compass SCI 2025 v1.0; Europe (R10); all
Europe (R10),REMIND 2.1,REMIND,LeastTotalCost-Base-brkLR15-SSP5-P50,Final Energy|Residential and Commercial,2045,24.089,EJ/yr,IIASA Scenario Compass SCI 2025 v1.0; Europe (R10); all
Europe (R10),REMIND 2.1,REMIND,LeastTotalCost-Base-brkLR15-SSP5-P50,Final Energy|Residential and Commercial,2050,24.5712,EJ/yr,IIASA Scenario Compass SCI 2025 v1.0; Europe (R10); all
Europe (R10),REMIND 2.1,REMIND,LeastTotalCost-Base-brkLR15-SSP5-P50,Final Energy|Residential and Commercial,2055,25.1394,EJ/yr,IIASA Scenario Compass SCI 2025 v1.0; Europe (R10); all
Europe (R10),REMIND 2.1,REMIND,LeastTotalCost-Base-brkLR15-SSP5-P50,Final Energy|Residential and Commercial,2060,25.4256,EJ/yr,IIASA Scenario Compass SCI 2025 v1.0; Europe (R10); all
Europe (R10),REMIND 2.1,REMIND,LeastTotalCost-Base-brkLR15-SSP5-P50,Final Energy|Residential and Commercial,2070,26.6447,EJ/yr,IIASA Scenario Compass SCI 2025 v1.0; Europe (R10); all
Europe (R10),REMIND 2.1,REMIND,LeastTotalCost-Base-brkLR15-SSP5-P50,Final Energy|Residential and Commercial,2080,28.5356,EJ/yr,IIASA Scenario Compass SCI 2025 v1.0; Europe (R10); all
Europe (R10),REMIND 2.1,REMIND,LeastTotalCost-Base-brkLR15-SSP5-P50,Final Energy|Residential and Commercial,2090,29.8883,EJ/yr,IIASA Scenario Compass SCI 2025 v1.0; Europe (R10); all
Europe (R10),REMIND 2.1,REMIND,LeastTotalCost-Base-brkLR15-SSP5-P50,Final Energy|Residential and Commercial,2100,31.0867,EJ/yr,IIASA Scenario Compass SCI 2025 v1.0; Europe (R10); all
Europe (R10),REMIND 2.1,REMIND,LeastTotalCost-Base-brkSR15-SSP2-P50,Final Energy|Residential and Commercial,2010,20.4863,EJ/yr,IIASA Scenario Compass SCI 2025 v1.0; Europe (R10); all
Europe (R10),REMIND 2.1,REMIND,LeastTotalCost-Base-brkSR15-SSP2-P50,Final Energy|Residential and Commercial,2015,17.9351,EJ/yr,IIASA Scenario Compass SCI 2025 v1.0; Europe (R10); all
Europe (R10),REMIND 2.1,REMIND,LeastTotalCost-Base-brkSR15-SSP2-P50,Final Energy|Residential and Commercial,2020,18.3477,EJ/yr,IIASA Scenario Compass SCI 2025 v1.0; Europe (R10); all
Europe (R10),REMIND 2.1,REMIND,LeastTotalCost-Base-brkSR15-SSP2-P50,Final Energy|Residential and Commercial,2025,19.1242,EJ/yr,IIASA Scenario Compass SCI 2025 v1.0; Europe (R10); all
Europe (R10),REMIND 2.1,REMIND,LeastTotalCost-Base-brkSR15-SSP2-P50,Final Energy|Residential and Commercial,2030,19.2999,EJ/yr,IIASA Scenario Compass SCI 2025 v1.0; Europe (R10); all
Europe (R10),REMIND 2.1,REMIND,LeastTotalCost-Base-brkSR15-SSP2-P50,Final Energy|Residential and Commercial,2035,19.2946,EJ/yr,IIASA Scenario Compass SCI 2025 v1.0; Europe (R10); all
Europe (R10),REMIND 2.1,REMIND,LeastTotalCost-Base-brkSR15-SSP2-P50,Final Energy|Residential and Commercial,2040,18.9344,EJ/yr,IIASA Scenario Compass SCI 2025 v1.0; Europe (R10); all
Europe (R10),REMIND 2.1,REMIND,LeastTotalCost-Base-brkSR15-SSP2-P50,Final Energy|Residential and Commercial,2045,18.42,EJ/yr,IIASA Scenario Compass SCI 2025 v1.0; Europe (R10); all
Europe (R10),REMIND 2.1,REMIND,LeastTotalCost-Base-brkSR15-SSP2-P50,Final Energy|Residential and Commercial,2050,17.983,EJ/yr,IIASA Scenario Compass SCI 2025 v1.0; Europe (R10); all
Europe (R10),REMIND 2.1,REMIND,LeastTotalCost-Base-brkSR15-SSP2-P50,Final Energy|Residential and Commercial,2055,17.7038,EJ/yr,IIASA Scenario Compass SCI 2025 v1.0; Europe (R10); all
Europe (R10),REMIND 2.1,REMIND,LeastTotalCost-Base-brkSR15-SSP2-P50,Final Energy|Residential and Commercial,2060,17.4547,EJ/yr,IIASA Scenario Compass SCI 2025 v1.0; Europe (R10); all
Europe (R10),REMIND 2.1,REMIND,LeastTotalCost-Base-brkSR15-SSP2-P50,Final Energy|Residential and Commercial,2070,17.2567,EJ/yr,IIASA Scenario Compass SCI 2025 v1.0; Europe (R10); all
Europe (R10),REMIND 2.1,REMIND,LeastTotalCost-Base-brkSR15-SSP2-P50,Final Energy|Residential and Commercial,2080,17.3262,EJ/yr,IIASA Scenario Compass SCI 2025 v1.0; Europe (R10); all
Europe (R10),REMIND 2.1,REMIND,LeastTotalCost-Base-brkSR15-SSP2-P50,Final Energy|Residential and Commercial,2090,16.907,EJ/yr,IIASA Scenario Compass SCI 2025 v1.0; Europe (R10); all
Europe (R10),REMIND 2.1,REMIND,LeastTotalCost-Base-brkSR15-SSP2-P50,Final Energy|Residential and Commercial,2100,16.9159,EJ/yr,IIASA Scenario Compass SCI 2025 v1.0; Europe (R10); all
Europe (R10),REMIND 2.1,REMIND,LeastTotalCost-Base-brkSR15-SSP5-P50,Final Energy|Residential and Commercial,2010,20.4359,EJ/yr,IIASA Scenario Compass SCI 2025 v1.0; Europe (R10); all
Europe (R10),REMIND 2.1,REMIND,LeastTotalCost-Base-brkSR15-SSP5-P50,Final Energy|Residential and Commercial,2015,17.9119,EJ/yr,IIASA Scenario Compass SCI 2025 v1.0; Europe (R10); all
Europe (R10),REMIND 2.1,REMIND,LeastTotalCost-Base-brkSR15-SSP5-P50,Final Energy|Residential and Commercial,2020,18.9376,EJ/yr,IIASA Scenario Compass SCI 2025 v1.0; Europe (R10); all
Europe (R10),REMIND 2.1,REMIND,LeastTotalCost-Base-brkSR15-SSP5-P50,Final Energy|Residential and Commercial,2025,20.4048,EJ/yr,IIASA Scenario Compass SCI 2025 v1.0; Europe (R10); all
Europe (R10),REMIND 2.1,REMIND,LeastTotalCost-Base-brkSR15-SSP5-P50,Final Energy|Residential and Commercial,2030,21.7248,EJ/yr,IIASA Scenario Compass SCI 2025 v1.0; Europe (R10); all
Europe (R10),REMIND 2.1,REMIND,LeastTotalCost-Base-brkSR15-SSP5-P50,Final Energy|Residential and Commercial,2035,23.1572,EJ/yr,IIASA Scenario Compass SCI 2025 v1.0; Europe (R10); all
Europe (R10),REMIND 2.1,REMIND,LeastTotalCost-Base-brkSR15-SSP5-P50,Final Energy|Residential and Commercial,2040,24.1412,EJ/yr,IIASA Scenario Compass SCI 2025 v1.0; Europe (R10); all
Europe (R10),REMIND 2.1,REMIND,LeastTotalCost-Base-brkSR15-SSP5-P50,Final Energy|Residential and Commercial,2045,25.4295,EJ/yr,IIASA Scenario Compass SCI 2025 v1.0; Europe (R10); all
Europe (R10),REMIND 2.1,REMIND,LeastTotalCost-Base-brkSR15-SSP5-P50,Final Energy|Residential and Commercial,2050,26.6867,EJ/yr,IIASA Scenario Compass SCI 2025 v1.0; Europe (R10); all
Europe (R10),REMIND 2.1,REMIND,LeastTotalCost-Base-brkSR15-SSP5-P50,Final Energy|Residential and Commercial,2055,27.9438,EJ/yr,IIASA Scenario Compass SCI 2025 v1.0; Europe (R10); all
Europe (R10),REMIND 2.1,REMIND,LeastTotalCost-Base-brkSR15-SSP5-P50,Final Energy|Residential and Commercial,2060,28.9047,EJ/yr,IIASA Scenario Compass SCI 2025 v1.0; Europe (R10); all
Europe (R10),REMIND 2.1,REMIND,LeastTotalCost-Base-brkSR15-SSP5-P50,Final Energy|Residential and Commercial,2070,31.8939,EJ/yr,IIASA Scenario Compass SCI 2025 v1.0; Europe (R10); all
Europe (R10),REMIND 2.1,REMIND,LeastTotalCost-Base-brkSR15-SSP5-P50,Final Energy|Residential and Commercial,2080,35.9105,EJ/yr,IIASA Scenario Compass SCI 2025 v1.0; Europe (R10); all
Europe (R10),REMIND 2.1,REMIND,LeastTotalCost-Base-brkSR15-SSP5-P50,Final Energy|Residential and Commercial,2090,38.8583,EJ/yr,IIASA Scenario Compass SCI 2025 v1.0; Europe (R10); all
Europe (R10),REMIND 2.1,REMIND,LeastTotalCost-Base-brkSR15-SSP5-P50,Final Energy|Residential and Commercial,2100,41.928,EJ/yr,IIASA Scenario Compass SCI 2025 v1.0; Europe (R10); all
Europe (R10),REMIND 2.1,REMIND,LeastTotalCost-NPi-brkLR15-SSP5-P50,Final Energy|Residential and Commercial,2010,20.4935,EJ/yr,IIASA Scenario Compass SCI 2025 v1.0; Europe (R10); all
Europe (R10),REMIND 2.1,REMIND,LeastTotalCost-NPi-brkLR15-SSP5-P50,Final Energy|Residential and Commercial,2015,17.8696,EJ/yr,IIASA Scenario Compass SCI 2025 v1.0; Europe (R10); all
Europe (R10),REMIND 2.1,REMIND,LeastTotalCost-NPi-brkLR15-SSP5-P50,Final Energy|Residential and Commercial,2020,18.2628,EJ/yr,IIASA Scenario Compass SCI 2025 v1.0; Europe (R10); all
Europe (R10),REMIND 2.1,REMIND,LeastTotalCost-NPi-brkLR15-SSP5-P50,Final Energy|Residential and Commercial,2025,19.9569,EJ/yr,IIASA Scenario Compass SCI 2025 v1.0; Europe (R10); all
Europe (R10),REMIND 2.1,REMIND,LeastTotalCost-NPi-brkLR15-SSP5-P50,Final Energy|Residential and Commercial,2030,21.3431,EJ/yr,IIASA Scenario Compass SCI 2025 v1.0; Europe (R10); all
Europe (R10),REMIND 2.1,REMIND,LeastTotalCost-NPi-brkLR15-SSP5-P50,Final Energy|Residential and Commercial,2035,22.876,EJ/yr,IIASA Scenario Compass SCI 2025 v1.0; Europe (R10); all
Europe (R10),REMIND 2.1,REMIND,LeastTotalCost-NPi-brkLR15-SSP5-P50,Final Energy|Residential and Commercial,2040,23.6503,EJ/yr,IIASA Scenario Compass SCI 2025 v1.0; Europe (R10); all
Europe (R10),REMIND 2.1,REMIND,LeastTotalCost-NPi-brkLR15-SSP5-P50,Final Energy|Residential and Commercial,2045,23.483,EJ/yr,IIASA Scenario Compass SCI 2025 v1.0; Europe (R10); all
Europe (R10),REMIND 2.1,REMIND,LeastTotalCost-NPi-brkLR15-SSP5-P50,Final Energy|Residential and Commercial,2050,24.1372,EJ/yr,IIASA Scenario Compass SCI 2025 v1.0; Europe (R10); all
Europe (R10),REMIND 2.1,REMIND,LeastTotalCost-NPi-brkLR15-SSP5-P50,Final Energy|Residential and Commercial,2055,24.8101,EJ/yr,IIASA Scenario Compass SCI 2025 v1.0; Europe (R10); all
Europe (R10),REMIND 2.1,REMIND,LeastTotalCost-NPi-brkLR15-SSP5-P50,Final Energy|Residential and Commercial,2060,25.1155,EJ/yr,IIASA Scenario Compass SCI 2025 v1.0; Europe (R10); all
Europe (R10),REMIND 2.1,REMIND,LeastTotalCost-NPi-brkLR15-SSP5-P50,Final Energy|Residential and Commercial,2070,25.6572,EJ/yr,IIASA Scenario Compass SCI 2025 v1.0; Europe (R10); all
Europe (R10),REMIND 2.1,REMIND,LeastTotalCost-NPi-brkLR15-SSP5-P50,Final Energy|Residential and Commercial,2080,27.3349,EJ/yr,IIASA Scenario Compass SCI 2025 v1.0; Europe (R10); all
Europe (R10),REMIND 2.1,REMIND,LeastTotalCost-NPi-brkLR15-SSP5-P50,Final Energy|Residential and Commercial,2090,29.1257,EJ/yr,IIASA Scenario Compass SCI 2025 v1.0; Europe (R10); all
Europe (R10),REMIND 2.1,REMIND,LeastTotalCost-NPi-brkLR15-SSP5-P50,Final Energy|Residential and Commercial,2100,30.5454,EJ/yr,IIASA Scenario Compass SCI 2025 v1.0; Europe (R10); all
Europe (R10),REMIND 2.1,REMIND,LeastTotalCost-NPi-brkSR15-SSP5-P50,Final Energy|Residential and Commercial,2010,20.4863,EJ/yr,IIASA Scenario Compass SCI 2025 v1.0; Europe (R10); all
Europe (R10),REMIND 2.1,REMIND,LeastTotalCost-NPi-brkSR15-SSP5-P50,Final Energy|Residential and Commercial,2015,17.8587,EJ/yr,IIASA Scenario Compass SCI 2025 v1.0; Europe (R10); all
Europe (R10),REMIND 2.1,REMIND,LeastTotalCost-NPi-brkSR15-SSP5-P50,Final Energy|Residential and Commercial,2020,18.2668,EJ/yr,IIASA Scenario Compass SCI 2025 v1.0; Europe (R10); all
Europe (R10),REMIND 2.1,REMIND,LeastTotalCost-NPi-brkSR15-SSP5-P50,Final Energy|Residential and Commercial,2025,19.9738,EJ/yr,IIASA Scenario Compass SCI 2025 v1.0; Europe (R10); all
Europe (R10),REMIND 2.1,REMIND,LeastTotalCost-NPi-brkSR15-SSP5-P50,Final Energy|Residential and Commercial,2030,21.4228,EJ/yr,IIASA Scenario Compass SCI 2025 v1.0; Europe (R10); all
Europe (R10),REMIND 2.1,REMIND,LeastTotalCost-NPi-brkSR15-SSP5-P50,Final Energy|Residential and Commercial,2035,23.2138,EJ/yr,IIASA Scenario Compass SCI 2025 v1.0; Europe (R10); all
Europe (R10),REMIND 2.1,REMIND,LeastTotalCost-NPi-brkSR15-SSP5-P50,Final Energy|Residential and Commercial,2040,24.2298,EJ/yr,IIASA Scenario Compass SCI 2025 v1.0; Europe (R10); all
Europe (R10),REMIND 2.1,REMIND,LeastTotalCost-NPi-brkSR15-SSP5-P50,Final Energy|Residential and Commercial,2045,24.6032,EJ/yr,IIASA Scenario Compass SCI 2025 v1.0; Europe (R10); all
Europe (R10),REMIND 2.1,REMIND,LeastTotalCost-NPi-brkSR15-SSP5-P50,Final Energy|Residential and Commercial,2050,25.9306,EJ/yr,IIASA Scenario Compass SCI 2025 v1.0; Europe (R10); all
Europe (R10),REMIND 2.1,REMIND,LeastTotalCost-NPi-brkSR15-SSP5-P50,Final Energy|Residential and Commercial,2055,27.2082,EJ/yr,IIASA Scenario Compass SCI 2025 v1.0; Europe (R10); all
Europe (R10),REMIND 2.1,REMIND,LeastTotalCost-NPi-brkSR15-SSP5-P50,Final Energy|Residential and Commercial,2060,28.1562,EJ/yr,IIASA Scenario Compass SCI 2025 v1.0; Europe (R10); all
Europe (R10),REMIND 2.1,REMIND,LeastTotalCost-NPi-brkSR15-SSP5-P50,Final Energy|Residential and Commercial,2070,30.5568,EJ/yr,IIASA Scenario Compass SCI 2025 v1.0; Europe (R10); all
Europe (R10),REMIND 2.1,REMIND,LeastTotalCost-NPi-brkSR15-SSP5-P50,Final Energy|Residential and Commercial,2080,34.0653,EJ/yr,IIASA Scenario Compass SCI 2025 v1.0; Europe (R10); all
Europe (R10),REMIND 2.1,REMIND,LeastTotalCost-NPi-brkSR15-SSP5-P50,Final Energy|Residential and Commercial,2090,37.4163,EJ/yr,IIASA Scenario Compass SCI 2025 v1.0; Europe (R10); all
Europe (R10),REMIND 2.1,REMIND,LeastTotalCost-NPi-brkSR15-SSP5-P50,Final Energy|Residential and Commercial,2100,40.2824,EJ/yr,IIASA Scenario Compass SCI 2025 v1.0; Europe (R10); all
Europe (R10),REMIND 2.1,REMIND,R2p1-SSP2-Baseline,Final Energy|Residential and Commercial,2010,20.4634,EJ/yr,IIASA Scenario Compass SCI 2025 v1.0; Europe (R10); all
Europe (R10),REMIND 2.1,REMIND,R2p1-SSP2-Baseline,Final Energy|Residential and Commercial,2015,17.7947,EJ/yr,IIASA Scenario Compass SCI 2025 v1.0; Europe (R10); all
Europe (R10),REMIND 2.1,REMIND,R2p1-SSP2-Baseline,Final Energy|Residential and Commercial,2020,18.3802,EJ/yr,IIASA Scenario Compass SCI 2025 v1.0; Europe (R10); all
Europe (R10),REMIND 2.1,REMIND,R2p1-SSP2-Baseline,Final Energy|Residential and Commercial,2025,19.0266,EJ/yr,IIASA Scenario Compass SCI 2025 v1.0; Europe (R10); all
Europe (R10),REMIND 2.1,REMIND,R2p1-SSP2-Baseline,Final Energy|Residential and Commercial,2030,19.1857,EJ/yr,IIASA Scenario Compass SCI 2025 v1.0; Europe (R10); all
Europe (R10),REMIND 2.1,REMIND,R2p1-SSP2-Baseline,Final Energy|Residential and Commercial,2035,19.1321,EJ/yr,IIASA Scenario Compass SCI 2025 v1.0; Europe (R10); all
Europe (R10),REMIND 2.1,REMIND,R2p1-SSP2-Baseline,Final Energy|Residential and Commercial,2040,18.6095,EJ/yr,IIASA Scenario Compass SCI 2025 v1.0; Europe (R10); all
Europe (R10),REMIND 2.1,REMIND,R2p1-SSP2-Baseline,Final Energy|Residential and Commercial,2045,17.9196,EJ/yr,IIASA Scenario Compass SCI 2025 v1.0; Europe (R10); all
Europe (R10),REMIND 2.1,REMIND,R2p1-SSP2-Baseline,Final Energy|Residential and Commercial,2050,17.2784,EJ/yr,IIASA Scenario Compass SCI 2025 v1.0; Europe (R10); all
Europe (R10),REMIND 2.1,REMIND,R2p1-SSP2-Baseline,Final Energy|Residential and Commercial,2055,16.7238,EJ/yr,IIASA Scenario Compass SCI 2025 v1.0; Europe (R10); all
Europe (R10),REMIND 2.1,REMIND,R2p1-SSP2-Baseline,Final Energy|Residential and Commercial,2060,16.2716,EJ/yr,IIASA Scenario Compass SCI 2025 v1.0; Europe (R10); all
Europe (R10),REMIND 2.1,REMIND,R2p1-SSP2-Baseline,Final Energy|Residential and Commercial,2070,15.8131,EJ/yr,IIASA Scenario Compass SCI 2025 v1.0; Europe (R10); all
Europe (R10),REMIND 2.1,REMIND,R2p1-SSP2-Baseline,Final Energy|Residential and Commercial,2080,15.9949,EJ/yr,IIASA Scenario Compass SCI 2025 v1.0; Europe (R10); all
Europe (R10),REMIND 2.1,REMIND,R2p1-SSP2-Baseline,Final Energy|Residential and Commercial,2090,15.8533,EJ/yr,IIASA Scenario Compass SCI 2025 v1.0; Europe (R10); all
Europe (R10),REMIND 2.1,REMIND,R2p1-SSP2-Baseline,Final Energy|Residential and Commercial,2100,15.8592,EJ/yr,IIASA Scenario Compass SCI 2025 v1.0; Europe (R10); all
Europe (R10),REMIND 2.1,REMIND,R2p1-SSP5-Baseline,Final Energy|Residential and Commercial,2010,20.4389,EJ/yr,IIASA Scenario Compass SCI 2025 v1.0; Europe (R10); all
Europe (R10),REMIND 2.1,REMIND,R2p1-SSP5-Baseline,Final Energy|Residential and Commercial,2015,17.7908,EJ/yr,IIASA Scenario Compass SCI 2025 v1.0; Europe (R10); all
Europe (R10),REMIND 2.1,REMIND,R2p1-SSP5-Baseline,Final Energy|Residential and Commercial,2020,18.9571,EJ/yr,IIASA Scenario Compass SCI 2025 v1.0; Europe (R10); all
Europe (R10),REMIND 2.1,REMIND,R2p1-SSP5-Baseline,Final Energy|Residential and Commercial,2025,20.3392,EJ/yr,IIASA Scenario Compass SCI 2025 v1.0; Europe (R10); all
Europe (R10),REMIND 2.1,REMIND,R2p1-SSP5-Baseline,Final Energy|Residential and Commercial,2030,21.5604,EJ/yr,IIASA Scenario Compass SCI 2025 v1.0; Europe (R10); all
Europe (R10),REMIND 2.1,REMIND,R2p1-SSP5-Baseline,Final Energy|Residential and Commercial,2035,22.9465,EJ/yr,IIASA Scenario Compass SCI 2025 v1.0; Europe (R10); all
Europe (R10),REMIND 2.1,REMIND,R2p1-SSP5-Baseline,Final Energy|Residential and Commercial,2040,23.7279,EJ/yr,IIASA Scenario Compass SCI 2025 v1.0; Europe (R10); all
Europe (R10),REMIND 2.1,REMIND,R2p1-SSP5-Baseline,Final Energy|Residential and Commercial,2045,24.6162,EJ/yr,IIASA Scenario Compass SCI 2025 v1.0; Europe (R10); all
Europe (R10),REMIND 2.1,REMIND,R2p1-SSP5-Baseline,Final Energy|Residential and Commercial,2050,25.2783,EJ/yr,IIASA Scenario Compass SCI 2025 v1.0; Europe (R10); all
Europe (R10),REMIND 2.1,REMIND,R2p1-SSP5-Baseline,Final Energy|Residential and Commercial,2055,26.1405,EJ/yr,IIASA Scenario Compass SCI 2025 v1.0; Europe (R10); all
Europe (R10),REMIND 2.1,REMIND,R2p1-SSP5-Baseline,Final Energy|Residential and Commercial,2060,26.8642,EJ/yr,IIASA Scenario Compass SCI 2025 v1.0; Europe (R10); all
Europe (R10),REMIND 2.1,REMIND,R2p1-SSP5-Baseline,Final Energy|Residential and Commercial,2070,29.3063,EJ/yr,IIASA Scenario Compass SCI 2025 v1.0; Europe (R10); all
Europe (R10),REMIND 2.1,REMIND,R2p1-SSP5-Baseline,Final Energy|Residential and Commercial,2080,32.4939,EJ/yr,IIASA Scenario Compass SCI 2025 v1.0; Europe (R10); all
Europe (R10),REMIND 2.1,REMIND,R2p1-SSP5-Baseline,Final Energy|Residential and Commercial,2090,34.8523,EJ/yr,IIASA Scenario Compass SCI 2025 v1.0; Europe (R10); all
Europe (R10),REMIND 2.1,REMIND,R2p1-SSP5-Baseline,Final Energy|Residential and Commercial,2100,37.6422,EJ/yr,IIASA Scenario Compass SCI 2025 v1.0; Europe (R10); all
Europe (R10),REMIND 2.1,REMIND,R2p1-SSP5-NPi,Final Energy|Residential and Commercial,2010,20.4634,EJ/yr,IIASA Scenario Compass SCI 2025 v1.0; Europe (R10); all
Europe (R10),REMIND 2.1,REMIND,R2p1-SSP5-NPi,Final Energy|Residential and Commercial,2015,17.7367,EJ/yr,IIASA Scenario Compass SCI 2025 v1.0; Europe (R10); all
Europe (R10),REMIND 2.1,REMIND,R2p1-SSP5-NPi,Final Energy|Residential and Commercial,2020,18.2589,EJ/yr,IIASA Scenario Compass SCI 2025 v1.0; Europe (R10); all
Europe (R10),REMIND 2.1,REMIND,R2p1-SSP5-NPi,Final Energy|Residential and Commercial,2025,19.8982,EJ/yr,IIASA Scenario Compass SCI 2025 v1.0; Europe (R10); all
Europe (R10),REMIND 2.1,REMIND,R2p1-SSP5-NPi,Final Energy|Residential and Commercial,2030,21.2473,EJ/yr,IIASA Scenario Compass SCI 2025 v1.0; Europe (R10); all
Europe (R10),REMIND 2.1,REMIND,R2p1-SSP5-NPi,Final Energy|Residential and Commercial,2035,22.804,EJ/yr,IIASA Scenario Compass SCI 2025 v1.0; Europe (R10); all
Europe (R10),REMIND 2.1,REMIND,R2p1-SSP5-NPi,Final Energy|Residential and Commercial,2040,23.6874,EJ/yr,IIASA Scenario Compass SCI 2025 v1.0; Europe (R10); all
Europe (R10),REMIND 2.1,REMIND,R2p1-SSP5-NPi,Final Energy|Residential and Commercial,2045,23.9582,EJ/yr,IIASA Scenario Compass SCI 2025 v1.0; Europe (R10); all
Europe (R10),REMIND 2.1,REMIND,R2p1-SSP5-NPi,Final Energy|Residential and Commercial,2050,24.6765,EJ/yr,IIASA Scenario Compass SCI 2025 v1.0; Europe (R10); all
Europe (R10),REMIND 2.1,REMIND,R2p1-SSP5-NPi,Final Energy|Residential and Commercial,2055,25.8151,EJ/yr,IIASA Scenario Compass SCI 2025 v1.0; Europe (R10); all
Europe (R10),REMIND 2.1,REMIND,R2p1-SSP5-NPi,Final Energy|Residential and Commercial,2060,26.3547,EJ/yr,IIASA Scenario Compass SCI 2025 v1.0; Europe (R10); all
Europe (R10),REMIND 2.1,REMIND,R2p1-SSP5-NPi,Final Energy|Residential and Commercial,2070,28.1211,EJ/yr,IIASA Scenario Compass SCI 2025 v1.0; Europe (R10); all
Europe (R10),REMIND 2.1,REMIND,R2p1-SSP5-NPi,Final Energy|Residential and Commercial,2080,31.1816,EJ/yr,IIASA Scenario Compass SCI 2025 v1.0; Europe (R10); all
Europe (R10),REMIND 2.1,REMIND,R2p1-SSP5-NPi,Final Energy|Residential and Commercial,2090,33.7734,EJ/yr,IIASA Scenario Compass SCI 2025 v1.0; Europe (R10); all
Europe (R10),REMIND 2.1,REMIND,R2p1-SSP5-NPi,Final Energy|Residential and Commercial,2100,36.7751,EJ/yr,IIASA Scenario Compass SCI 2025 v1.0; Europe (R10); all
Europe (R10),REMIND-MAgPIE 1.7-3.0,REMIND,PEP-NPi,Final Energy|Residential and Commercial,2010,20.1017,EJ/yr,IIASA Scenario Compass SCI 2025 v1.0; Europe (R10); all
Europe (R10),REMIND-MAgPIE 1.7-3.0,REMIND,PEP-NPi,Final Energy|Residential and Commercial,2015,21.142,EJ/yr,IIASA Scenario Compass SCI 2025 v1.0; Europe (R10); all
Europe (R10),REMIND-MAgPIE 1.7-3.0,REMIND,PEP-NPi,Final Energy|Residential and Commercial,2020,21.6071,EJ/yr,IIASA Scenario Compass SCI 2025 v1.0; Europe (R10); all
Europe (R10),REMIND-MAgPIE 1.7-3.0,REMIND,PEP-NPi,Final Energy|Residential and Commercial,2025,22.0189,EJ/yr,IIASA Scenario Compass SCI 2025 v1.0; Europe (R10); all
Europe (R10),REMIND-MAgPIE 1.7-3.0,REMIND,PEP-NPi,Final Energy|Residential and Commercial,2030,22.6722,EJ/yr,IIASA Scenario Compass SCI 2025 v1.0; Europe (R10); all
Europe (R10),REMIND-MAgPIE 1.7-3.0,REMIND,PEP-NPi,Final Energy|Residential and Commercial,2035,23.149,EJ/yr,IIASA Scenario Compass SCI 2025 v1.0; Europe (R10); all
Europe (R10),REMIND-MAgPIE 1.7-3.0,REMIND,PEP-NPi,Final Energy|Residential and Commercial,2040,23.8116,EJ/yr,IIASA Scenario Compass SCI 2025 v1.0; Europe (R10); all
Europe (R10),REMIND-MAgPIE 1.7-3.0,REMIND,PEP-NPi,Final Energy|Residential and Commercial,2045,24.61,EJ/yr,IIASA Scenario Compass SCI 2025 v1.0; Europe (R10); all
Europe (R10),REMIND-MAgPIE 1.7-3.0,REMIND,PEP-NPi,Final Energy|Residential and Commercial,2050,25.4375,EJ/yr,IIASA Scenario Compass SCI 2025 v1.0; Europe (R10); all
Europe (R10),REMIND-MAgPIE 1.7-3.0,REMIND,PEP-NPi,Final Energy|Residential and Commercial,2055,26.306,EJ/yr,IIASA Scenario Compass SCI 2025 v1.0; Europe (R10); all
Europe (R10),REMIND-MAgPIE 1.7-3.0,REMIND,PEP-NPi,Final Energy|Residential and Commercial,2060,26.7974,EJ/yr,IIASA Scenario Compass SCI 2025 v1.0; Europe (R10); all
Europe (R10),REMIND-MAgPIE 1.7-3.0,REMIND,PEP-NPi,Final Energy|Residential and Commercial,2070,27.918,EJ/yr,IIASA Scenario Compass SCI 2025 v1.0; Europe (R10); all
Europe (R10),REMIND-MAgPIE 1.7-3.0,REMIND,PEP-NPi,Final Energy|Residential and Commercial,2080,29.3405,EJ/yr,IIASA Scenario Compass SCI 2025 v1.0; Europe (R10); all
Europe (R10),REMIND-MAgPIE 1.7-3.0,REMIND,PEP-NPi,Final Energy|Residential and Commercial,2090,29.8862,EJ/yr,IIASA Scenario Compass SCI 2025 v1.0; Europe (R10); all
Europe (R10),REMIND-MAgPIE 1.7-3.0,REMIND,PEP-NPi,Final Energy|Residential and Commercial,2100,30.4633,EJ/yr,IIASA Scenario Compass SCI 2025 v1.0; Europe (R10); all
Europe (R10),REMIND-MAgPIE 1.7-3.0,REMIND,PEP-NoPolicy,Final Energy|Residential and Commercial,2010,20.1017,EJ/yr,IIASA Scenario Compass SCI 2025 v1.0; Europe (R10); all
Europe (R10),REMIND-MAgPIE 1.7-3.0,REMIND,PEP-NoPolicy,Final Energy|Residential and Commercial,2015,20.9061,EJ/yr,IIASA Scenario Compass SCI 2025 v1.0; Europe (R10); all
Europe (R10),REMIND-MAgPIE 1.7-3.0,REMIND,PEP-NoPolicy,Final Energy|Residential and Commercial,2020,21.6138,EJ/yr,IIASA Scenario Compass SCI 2025 v1.0; Europe (R10); all
Europe (R10),REMIND-MAgPIE 1.7-3.0,REMIND,PEP-NoPolicy,Final Energy|Residential and Commercial,2025,22.3299,EJ/yr,IIASA Scenario Compass SCI 2025 v1.0; Europe (R10); all
Europe (R10),REMIND-MAgPIE 1.7-3.0,REMIND,PEP-NoPolicy,Final Energy|Residential and Commercial,2030,23.1929,EJ/yr,IIASA Scenario Compass SCI 2025 v1.0; Europe (R10); all
Europe (R10),REMIND-MAgPIE 1.7-3.0,REMIND,PEP-NoPolicy,Final Energy|Residential and Commercial,2035,23.6521,EJ/yr,IIASA Scenario Compass SCI 2025 v1.0; Europe (R10); all
Europe (R10),REMIND-MAgPIE 1.7-3.0,REMIND,PEP-NoPolicy,Final Energy|Residential and Commercial,2040,24.5227,EJ/yr,IIASA Scenario Compass SCI 2025 v1.0; Europe (R10); all
Europe (R10),REMIND-MAgPIE 1.7-3.0,REMIND,PEP-NoPolicy,Final Energy|Residential and Commercial,2045,25.357,EJ/yr,IIASA Scenario Compass SCI 2025 v1.0; Europe (R10); all
Europe (R10),REMIND-MAgPIE 1.7-3.0,REMIND,PEP-NoPolicy,Final Energy|Residential and Commercial,2050,25.9689,EJ/yr,IIASA Scenario Compass SCI 2025 v1.0; Europe (R10); all
Europe (R10),REMIND-MAgPIE 1.7-3.0,REMIND,PEP-NoPolicy,Final Energy|Residential and Commercial,2055,26.8175,EJ/yr,IIASA Scenario Compass SCI 2025 v1.0; Europe (R10); all
Europe (R10),REMIND-MAgPIE 1.7-3.0,REMIND,PEP-NoPolicy,Final Energy|Residential and Commercial,2060,26.9959,EJ/yr,IIASA Scenario Compass SCI 2025 v1.0; Europe (R10); all
Europe (R10),REMIND-MAgPIE 1.7-3.0,REMIND,PEP-NoPolicy,Final Energy|Residential and Commercial,2070,28.2432,EJ/yr,IIASA Scenario Compass SCI 2025 v1.0; Europe (R10); all
Europe (R10),REMIND-MAgPIE 1.7-3.0,REMIND,PEP-NoPolicy,Final Energy|Residential and Commercial,2080,29.5152,EJ/yr,IIASA Scenario Compass SCI 2025 v1.0; Europe (R10); all
Europe (R10),REMIND-MAgPIE 1.7-3.0,REMIND,PEP-NoPolicy,Final Energy|Residential and Commercial,2090,29.759,EJ/yr,IIASA Scenario Compass SCI 2025 v1.0; Europe (R10); all
Europe (R10),REMIND-MAgPIE 1.7-3.0,REMIND,PEP-NoPolicy,Final Energy|Residential and Commercial,2100,30.4878,EJ/yr,IIASA Scenario Compass SCI 2025 v1.0; Europe (R10); all
Europe (R10),REMIND-Transport 2.1,REMIND,Transport-NPi-Conventional,Final Energy|Residential and Commercial,2010,20.4549,EJ/yr,IIASA Scenario Compass SCI 2025 v1.0; Europe (R10); all
Europe (R10),REMIND-Transport 2.1,REMIND,Transport-NPi-Conventional,Final Energy|Residential and Commercial,2015,17.7393,EJ/yr,IIASA Scenario Compass SCI 2025 v1.0; Europe (R10); all
Europe (R10),REMIND-Transport 2.1,REMIND,Transport-NPi-Conventional,Final Energy|Residential and Commercial,2020,18.2785,EJ/yr,IIASA Scenario Compass SCI 2025 v1.0; Europe (R10); all
Europe (R10),REMIND-Transport 2.1,REMIND,Transport-NPi-Conventional,Final Energy|Residential and Commercial,2025,18.8117,EJ/yr,IIASA Scenario Compass SCI 2025 v1.0; Europe (R10); all
Europe (R10),REMIND-Transport 2.1,REMIND,Transport-NPi-Conventional,Final Energy|Residential and Commercial,2030,18.7315,EJ/yr,IIASA Scenario Compass SCI 2025 v1.0; Europe (R10); all
Europe (R10),REMIND-Transport 2.1,REMIND,Transport-NPi-Conventional,Final Energy|Residential and Commercial,2035,18.6929,EJ/yr,IIASA Scenario Compass SCI 2025 v1.0; Europe (R10); all
Europe (R10),REMIND-Transport 2.1,REMIND,Transport-NPi-Conventional,Final Energy|Residential and Commercial,2040,18.5887,EJ/yr,IIASA Scenario Compass SCI 2025 v1.0; Europe (R10); all
Europe (R10),REMIND-Transport 2.1,REMIND,Transport-NPi-Conventional,Final Energy|Residential and Commercial,2045,18.0768,EJ/yr,IIASA Scenario Compass SCI 2025 v1.0; Europe (R10); all
Europe (R10),REMIND-Transport 2.1,REMIND,Transport-NPi-Conventional,Final Energy|Residential and Commercial,2050,17.1312,EJ/yr,IIASA Scenario Compass SCI 2025 v1.0; Europe (R10); all
Europe (R10),REMIND-Transport 2.1,REMIND,Transport-NPi-Conventional,Final Energy|Residential and Commercial,2055,16.4493,EJ/yr,IIASA Scenario Compass SCI 2025 v1.0; Europe (R10); all
Europe (R10),REMIND-Transport 2.1,REMIND,Transport-NPi-Conventional,Final Energy|Residential and Commercial,2060,15.8914,EJ/yr,IIASA Scenario Compass SCI 2025 v1.0; Europe (R10); all
Europe (R10),REMIND-Transport 2.1,REMIND,Transport-NPi-Conventional,Final Energy|Residential and Commercial,2070,15.6481,EJ/yr,IIASA Scenario Compass SCI 2025 v1.0; Europe (R10); all
Europe (R10),REMIND-Transport 2.1,REMIND,Transport-NPi-Conventional,Final Energy|Residential and Commercial,2080,15.9373,EJ/yr,IIASA Scenario Compass SCI 2025 v1.0; Europe (R10); all
Europe (R10),REMIND-Transport 2.1,REMIND,Transport-NPi-Conventional,Final Energy|Residential and Commercial,2090,15.8904,EJ/yr,IIASA Scenario Compass SCI 2025 v1.0; Europe (R10); all
Europe (R10),REMIND-Transport 2.1,REMIND,Transport-NPi-Conventional,Final Energy|Residential and Commercial,2100,15.8482,EJ/yr,IIASA Scenario Compass SCI 2025 v1.0; Europe (R10); all
Europe (R10),REMIND-MAgPIE 2.0-4.1,REMIND,Diff-NoPolicy-Baseline,Final Energy|Residential and Commercial,2010,20.4873,EJ/yr,IIASA Scenario Compass SCI 2025 v1.0; Europe (R10); all
Europe (R10),REMIND-MAgPIE 2.0-4.1,REMIND,Diff-NoPolicy-Baseline,Final Energy|Residential and Commercial,2015,17.8913,EJ/yr,IIASA Scenario Compass SCI 2025 v1.0; Europe (R10); all
Europe (R10),REMIND-MAgPIE 2.0-4.1,REMIND,Diff-NoPolicy-Baseline,Final Energy|Residential and Commercial,2020,18.1999,EJ/yr,IIASA Scenario Compass SCI 2025 v1.0; Europe (R10); all
Europe (R10),REMIND-MAgPIE 2.0-4.1,REMIND,Diff-NoPolicy-Baseline,Final Energy|Residential and Commercial,2025,18.5659,EJ/yr,IIASA Scenario Compass SCI 2025 v1.0; Europe (R10); all
Europe (R10),REMIND-MAgPIE 2.0-4.1,REMIND,Diff-NoPolicy-Baseline,Final Energy|Residential and Commercial,2030,18.6049,EJ/yr,IIASA Scenario Compass SCI 2025 v1.0; Europe (R10); all
Europe (R10),REMIND-MAgPIE 2.0-4.1,REMIND,Diff-NoPolicy-Baseline,Final Energy|Residential and Commercial,2035,18.5329,EJ/yr,IIASA Scenario Compass SCI 2025 v1.0; Europe (R10); all
Europe (R10),REMIND-MAgPIE 2.0-4.1,REMIND,Diff-NoPolicy-Baseline,Final Energy|Residential and Commercial,2040,18.0422,EJ/yr,IIASA Scenario Compass SCI 2025 v1.0; Europe (R10); all
Europe (R10),REMIND-MAgPIE 2.0-4.1,REMIND,Diff-NoPolicy-Baseline,Final Energy|Residential and Commercial,2045,17.6218,EJ/yr,IIASA Scenario Compass SCI 2025 v1.0; Europe (R10); all
Europe (R10),REMIND-MAgPIE 2.0-4.1,REMIND,Diff-NoPolicy-Baseline,Final Energy|Residential and Commercial,2050,16.9207,EJ/yr,IIASA Scenario Compass SCI 2025 v1.0; Europe (R10); all
Europe (R10),REMIND-MAgPIE 2.0-4.1,REMIND,Diff-NoPolicy-Baseline,Final Energy|Residential and Commercial,2055,16.4615,EJ/yr,IIASA Scenario Compass SCI 2025 v1.0; Europe (R10); all
Europe (R10),REMIND-MAgPIE 2.0-4.1,REMIND,Diff-NoPolicy-Baseline,Final Energy|Residential and Commercial,2060,15.9655,EJ/yr,IIASA Scenario Compass SCI 2025 v1.0; Europe (R10); all
Europe (R10),REMIND-MAgPIE 2.0-4.1,REMIND,Diff-NoPolicy-Baseline,Final Energy|Residential and Commercial,2070,15.3097,EJ/yr,IIASA Scenario Compass SCI 2025 v1.0; Europe (R10); all
Europe (R10),REMIND-MAgPIE 2.0-4.1,REMIND,Diff-NoPolicy-Baseline,Final Energy|Residential and Commercial,2080,15.0547,EJ/yr,IIASA Scenario Compass SCI 2025 v1.0; Europe (R10); all
Europe (R10),REMIND-MAgPIE 2.0-4.1,REMIND,Diff-NoPolicy-Baseline,Final Energy|Residential and Commercial,2090,14.5816,EJ/yr,IIASA Scenario Compass SCI 2025 v1.0; Europe (R10); all
Europe (R10),REMIND-MAgPIE 2.0-4.1,REMIND,Diff-NoPolicy-Baseline,Final Energy|Residential and Commercial,2100,14.527,EJ/yr,IIASA Scenario Compass SCI 2025 v1.0; Europe (R10); all
Europe (R10),GCAM-PR 5.3,GCAM,ParisReinforce-Baseline,Final Energy|Residential and Commercial,2010,21.56139982,EJ/yr,IIASA Scenario Compass SCI 2025 v1.0; Europe (R10); all
Europe (R10),GCAM-PR 5.3,GCAM,ParisReinforce-Baseline,Final Energy|Residential and Commercial,2015,19.42017079,EJ/yr,IIASA Scenario Compass SCI 2025 v1.0; Europe (R10); all
Europe (R10),GCAM-PR 5.3,GCAM,ParisReinforce-Baseline,Final Energy|Residential and Commercial,2020,20.75477314,EJ/yr,IIASA Scenario Compass SCI 2025 v1.0; Europe (R10); all
Europe (R10),GCAM-PR 5.3,GCAM,ParisReinforce-Baseline,Final Energy|Residential and Commercial,2025,21.56803925,EJ/yr,IIASA Scenario Compass SCI 2025 v1.0; Europe (R10); all
Europe (R10),GCAM-PR 5.3,GCAM,ParisReinforce-Baseline,Final Energy|Residential and Commercial,2030,22.460632234,EJ/yr,IIASA Scenario Compass SCI 2025 v1.0; Europe (R10); all
Europe (R10),GCAM-PR 5.3,GCAM,ParisReinforce-Baseline,Final Energy|Residential and Commercial,2035,23.151657385,EJ/yr,IIASA Scenario Compass SCI 2025 v1.0; Europe (R10); all
Europe (R10),GCAM-PR 5.3,GCAM,ParisReinforce-Baseline,Final Energy|Residential and Commercial,2040,23.698149423,EJ/yr,IIASA Scenario Compass SCI 2025 v1.0; Europe (R10); all
Europe (R10),GCAM-PR 5.3,GCAM,ParisReinforce-Baseline,Final Energy|Residential and Commercial,2045,24.268764654,EJ/yr,IIASA Scenario Compass SCI 2025 v1.0; Europe (R10); all
Europe (R10),GCAM-PR 5.3,GCAM,ParisReinforce-Baseline,Final Energy|Residential and Commercial,2050,24.698943208,EJ/yr,IIASA Scenario Compass SCI 2025 v1.0; Europe (R10); all
Europe (R10),GCAM-PR 5.3,GCAM,ParisReinforce-Baseline,Final Energy|Residential and Commercial,2055,25.06343218,EJ/yr,IIASA Scenario Compass SCI 2025 v1.0; Europe (R10); all
Europe (R10),GCAM-PR 5.3,GCAM,ParisReinforce-Baseline,Final Energy|Residential and Commercial,2060,25.394294892,EJ/yr,IIASA Scenario Compass SCI 2025 v1.0; Europe (R10); all
Europe (R10),GCAM-PR 5.3,GCAM,ParisReinforce-Baseline,Final Energy|Residential and Commercial,2065,25.591389683,EJ/yr,IIASA Scenario Compass SCI 2025 v1.0; Europe (R10); all
Europe (R10),GCAM-PR 5.3,GCAM,ParisReinforce-Baseline,Final Energy|Residential and Commercial,2070,25.722233998,EJ/yr,IIASA Scenario Compass SCI 2025 v1.0; Europe (R10); all
Europe (R10),GCAM-PR 5.3,GCAM,ParisReinforce-Baseline,Final Energy|Residential and Commercial,2075,25.836996036,EJ/yr,IIASA Scenario Compass SCI 2025 v1.0; Europe (R10); all
Europe (R10),GCAM-PR 5.3,GCAM,ParisReinforce-Baseline,Final Energy|Residential and Commercial,2080,25.878624005,EJ/yr,IIASA Scenario Compass SCI 2025 v1.0; Europe (R10); all
Europe (R10),GCAM-PR 5.3,GCAM,ParisReinforce-Baseline,Final Energy|Residential and Commercial,2085,25.824425019,EJ/yr,IIASA Scenario Compass SCI 2025 v1.0; Europe (R10); all
Europe (R10),GCAM-PR 5.3,GCAM,ParisReinforce-Baseline,Final Energy|Residential and Commercial,2090,25.618857954,EJ/yr,IIASA Scenario Compass SCI 2025 v1.0; Europe (R10); all
Europe (R10),GCAM-PR 5.3,GCAM,ParisReinforce-Baseline,Final Energy|Residential and Commercial,2095,25.351383172,EJ/yr,IIASA Scenario Compass SCI 2025 v1.0; Europe (R10); all
Europe (R10),GCAM-PR 5.3,GCAM,ParisReinforce-Baseline,Final Energy|Residential and Commercial,2100,25.118612732,EJ/yr,IIASA Scenario Compass SCI 2025 v1.0; Europe (R10); all
Europe (R10),WITCH 4.6,WITCH,DISCRATE-Reference-dr2p,Final Energy|Residential and Commercial,2010,17.97097695366667,EJ/yr,IIASA Scenario Compass SCI 2025 v1.0; Europe (R10); all
Europe (R10),WITCH 4.6,WITCH,DISCRATE-Reference-dr2p,Final Energy|Residential and Commercial,2015,16.99215252,EJ/yr,IIASA Scenario Compass SCI 2025 v1.0; Europe (R10); all
Europe (R10),WITCH 4.6,WITCH,DISCRATE-Reference-dr2p,Final Energy|Residential and Commercial,2020,16.93797319322154,EJ/yr,IIASA Scenario Compass SCI 2025 v1.0; Europe (R10); all
Europe (R10),WITCH 4.6,WITCH,DISCRATE-Reference-dr2p,Final Energy|Residential and Commercial,2025,18.59939328489292,EJ/yr,IIASA Scenario Compass SCI 2025 v1.0; Europe (R10); all
Europe (R10),WITCH 4.6,WITCH,DISCRATE-Reference-dr2p,Final Energy|Residential and Commercial,2030,20.31189331072351,EJ/yr,IIASA Scenario Compass SCI 2025 v1.0; Europe (R10); all
Europe (R10),WITCH 4.6,WITCH,DISCRATE-Reference-dr2p,Final Energy|Residential and Commercial,2035,21.84019943692744,EJ/yr,IIASA Scenario Compass SCI 2025 v1.0; Europe (R10); all
Europe (R10),WITCH 4.6,WITCH,DISCRATE-Reference-dr2p,Final Energy|Residential and Commercial,2040,22.99796992774206,EJ/yr,IIASA Scenario Compass SCI 2025 v1.0; Europe (R10); all
Europe (R10),WITCH 4.6,WITCH,DISCRATE-Reference-dr2p,Final Energy|Residential and Commercial,2045,24.22961630912637,EJ/yr,IIASA Scenario Compass SCI 2025 v1.0; Europe (R10); all
Europe (R10),WITCH 4.6,WITCH,DISCRATE-Reference-dr2p,Final Energy|Residential and Commercial,2050,25.42849684617942,EJ/yr,IIASA Scenario Compass SCI 2025 v1.0; Europe (R10); all
Europe (R10),WITCH 4.6,WITCH,DISCRATE-Reference-dr2p,Final Energy|Residential and Commercial,2055,26.46102170128371,EJ/yr,IIASA Scenario Compass SCI 2025 v1.0; Europe (R10); all
Europe (R10),WITCH 4.6,WITCH,DISCRATE-Reference-dr2p,Final Energy|Residential and Commercial,2060,27.52804941174862,EJ/yr,IIASA Scenario Compass SCI 2025 v1.0; Europe (R10); all
Europe (R10),WITCH 4.6,WITCH,DISCRATE-Reference-dr2p,Final Energy|Residential and Commercial,2065,28.50290450871984,EJ/yr,IIASA Scenario Compass SCI 2025 v1.0; Europe (R10); all
Europe (R10),WITCH 4.6,WITCH,DISCRATE-Reference-dr2p,Final Energy|Residential and Commercial,2070,29.38147984120146,EJ/yr,IIASA Scenario Compass SCI 2025 v1.0; Europe (R10); all
Europe (R10),WITCH 4.6,WITCH,DISCRATE-Reference-dr2p,Final Energy|Residential and Commercial,2075,30.03027687884827,EJ/yr,IIASA Scenario Compass SCI 2025 v1.0; Europe (R10); all
Europe (R10),WITCH 4.6,WITCH,DISCRATE-Reference-dr2p,Final Energy|Residential and Commercial,2080,30.6335483998578,EJ/yr,IIASA Scenario Compass SCI 2025 v1.0; Europe (R10); all
Europe (R10),WITCH 4.6,WITCH,DISCRATE-Reference-dr2p,Final Energy|Residential and Commercial,2085,31.4645152135365,EJ/yr,IIASA Scenario Compass SCI 2025 v1.0; Europe (R10); all
Europe (R10),WITCH 4.6,WITCH,DISCRATE-Reference-dr2p,Final Energy|Residential and Commercial,2090,32.20455409059397,EJ/yr,IIASA Scenario Compass SCI 2025 v1.0; Europe (R10); all
Europe (R10),WITCH 4.6,WITCH,DISCRATE-Reference-dr2p,Final Energy|Residential and Commercial,2095,32.89743872492195,EJ/yr,IIASA Scenario Compass SCI 2025 v1.0; Europe (R10); all
Europe (R10),WITCH 4.6,WITCH,DISCRATE-Reference-dr2p,Final Energy|Residential and Commercial,2100,33.46759263677822,EJ/yr,IIASA Scenario Compass SCI 2025 v1.0; Europe (R10); all
Europe (R10),WITCH 4.6,WITCH,DISCRATE-Reference-dr3p,Final Energy|Residential and Commercial,2010,17.97097695366667,EJ/yr,IIASA Scenario Compass SCI 2025 v1.0; Europe (R10); all
Europe (R10),WITCH 4.6,WITCH,DISCRATE-Reference-dr3p,Final Energy|Residential and Commercial,2015,16.99215252,EJ/yr,IIASA Scenario Compass SCI 2025 v1.0; Europe (R10); all
Europe (R10),WITCH 4.6,WITCH,DISCRATE-Reference-dr3p,Final Energy|Residential and Commercial,2020,16.98977586189345,EJ/yr,IIASA Scenario Compass SCI 2025 v1.0; Europe (R10); all
Europe (R10),WITCH 4.6,WITCH,DISCRATE-Reference-dr3p,Final Energy|Residential and Commercial,2025,18.59922563667079,EJ/yr,IIASA Scenario Compass SCI 2025 v1.0; Europe (R10); all
Europe (R10),WITCH 4.6,WITCH,DISCRATE-Reference-dr3p,Final Energy|Residential and Commercial,2030,20.14051502107978,EJ/yr,IIASA Scenario Compass SCI 2025 v1.0; Europe (R10); all
Europe (R10),WITCH 4.6,WITCH,DISCRATE-Reference-dr3p,Final Energy|Residential and Commercial,2035,21.38846530653621,EJ/yr,IIASA Scenario Compass SCI 2025 v1.0; Europe (R10); all
Europe (R10),WITCH 4.6,WITCH,DISCRATE-Reference-dr3p,Final Energy|Residential and Commercial,2040,22.56208147897588,EJ/yr,IIASA Scenario Compass SCI 2025 v1.0; Europe (R10); all
Europe (R10),WITCH 4.6,WITCH,DISCRATE-Reference-dr3p,Final Energy|Residential and Commercial,2045,23.64241376786764,EJ/yr,IIASA Scenario Compass SCI 2025 v1.0; Europe (R10); all
Europe (R10),WITCH 4.6,WITCH,DISCRATE-Reference-dr3p,Final Energy|Residential and Commercial,2050,24.69450498601457,EJ/yr,IIASA Scenario Compass SCI 2025 v1.0; Europe (R10); all
Europe (R10),WITCH 4.6,WITCH,DISCRATE-Reference-dr3p,Final Energy|Residential and Commercial,2055,25.74810848530223,EJ/yr,IIASA Scenario Compass SCI 2025 v1.0; Europe (R10); all
Europe (R10),WITCH 4.6,WITCH,DISCRATE-Reference-dr3p,Final Energy|Residential and Commercial,2060,26.84570427821581,EJ/yr,IIASA Scenario Compass SCI 2025 v1.0; Europe (R10); all
Europe (R10),WITCH 4.6,WITCH,DISCRATE-Reference-dr3p,Final Energy|Residential and Commercial,2065,27.84531706589479,EJ/yr,IIASA Scenario Compass SCI 2025 v1.0; Europe (R10); all
Europe (R10),WITCH 4.6,WITCH,DISCRATE-Reference-dr3p,Final Energy|Residential and Commercial,2070,28.75950826293741,EJ/yr,IIASA Scenario Compass SCI 2025 v1.0; Europe (R10); all
Europe (R10),WITCH 4.6,WITCH,DISCRATE-Reference-dr3p,Final Energy|Residential and Commercial,2075,29.59393283896421,EJ/yr,IIASA Scenario Compass SCI 2025 v1.0; Europe (R10); all
Europe (R10),WITCH 4.6,WITCH,DISCRATE-Reference-dr3p,Final Energy|Residential and Commercial,2080,30.27003335711164,EJ/yr,IIASA Scenario Compass SCI 2025 v1.0; Europe (R10); all
Europe (R10),WITCH 4.6,WITCH,DISCRATE-Reference-dr3p,Final Energy|Residential and Commercial,2085,30.76568425953423,EJ/yr,IIASA Scenario Compass SCI 2025 v1.0; Europe (R10); all
Europe (R10),WITCH 4.6,WITCH,DISCRATE-Reference-dr3p,Final Energy|Residential and Commercial,2090,31.2512497861073,EJ/yr,IIASA Scenario Compass SCI 2025 v1.0; Europe (R10); all
Europe (R10),WITCH 4.6,WITCH,DISCRATE-Reference-dr3p,Final Energy|Residential and Commercial,2095,31.87108269404458,EJ/yr,IIASA Scenario Compass SCI 2025 v1.0; Europe (R10); all
Europe (R10),WITCH 4.6,WITCH,DISCRATE-Reference-dr3p,Final Energy|Residential and Commercial,2100,32.42398490511259,EJ/yr,IIASA Scenario Compass SCI 2025 v1.0; Europe (R10); all
Europe (R10),WITCH 4.6,WITCH,DISCRATE-Reference-dr4p,Final Energy|Residential and Commercial,2010,17.97097695366667,EJ/yr,IIASA Scenario Compass SCI 2025 v1.0; Europe (R10); all
Europe (R10),WITCH 4.6,WITCH,DISCRATE-Reference-dr4p,Final Energy|Residential and Commercial,2015,16.99215252,EJ/yr,IIASA Scenario Compass SCI 2025 v1.0; Europe (R10); all
Europe (R10),WITCH 4.6,WITCH,DISCRATE-Reference-dr4p,Final Energy|Residential and Commercial,2020,16.82849291598711,EJ/yr,IIASA Scenario Compass SCI 2025 v1.0; Europe (R10); all
Europe (R10),WITCH 4.6,WITCH,DISCRATE-Reference-dr4p,Final Energy|Residential and Commercial,2025,18.43112055659426,EJ/yr,IIASA Scenario Compass SCI 2025 v1.0; Europe (R10); all
Europe (R10),WITCH 4.6,WITCH,DISCRATE-Reference-dr4p,Final Energy|Residential and Commercial,2030,19.88271989644322,EJ/yr,IIASA Scenario Compass SCI 2025 v1.0; Europe (R10); all
Europe (R10),WITCH 4.6,WITCH,DISCRATE-Reference-dr4p,Final Energy|Residential and Commercial,2035,21.05527797580063,EJ/yr,IIASA Scenario Compass SCI 2025 v1.0; Europe (R10); all
Europe (R10),WITCH 4.6,WITCH,DISCRATE-Reference-dr4p,Final Energy|Residential and Commercial,2040,22.11747908123627,EJ/yr,IIASA Scenario Compass SCI 2025 v1.0; Europe (R10); all
Europe (R10),WITCH 4.6,WITCH,DISCRATE-Reference-dr4p,Final Energy|Residential and Commercial,2045,23.16527643567294,EJ/yr,IIASA Scenario Compass SCI 2025 v1.0; Europe (R10); all
Europe (R10),WITCH 4.6,WITCH,DISCRATE-Reference-dr4p,Final Energy|Residential and Commercial,2050,24.17591615545736,EJ/yr,IIASA Scenario Compass SCI 2025 v1.0; Europe (R10); all
Europe (R10),WITCH 4.6,WITCH,DISCRATE-Reference-dr4p,Final Energy|Residential and Commercial,2055,25.20740857834239,EJ/yr,IIASA Scenario Compass SCI 2025 v1.0; Europe (R10); all
Europe (R10),WITCH 4.6,WITCH,DISCRATE-Reference-dr4p,Final Energy|Residential and Commercial,2060,26.19923035740794,EJ/yr,IIASA Scenario Compass SCI 2025 v1.0; Europe (R10); all
Europe (R10),WITCH 4.6,WITCH,DISCRATE-Reference-dr4p,Final Energy|Residential and Commercial,2065,27.16141557857546,EJ/yr,IIASA Scenario Compass SCI 2025 v1.0; Europe (R10); all
Europe (R10),WITCH 4.6,WITCH,DISCRATE-Reference-dr4p,Final Energy|Residential and Commercial,2070,28.12059462389283,EJ/yr,IIASA Scenario Compass SCI 2025 v1.0; Europe (R10); all
Europe (R10),WITCH 4.6,WITCH,DISCRATE-Reference-dr4p,Final Energy|Residential and Commercial,2075,28.95283777147505,EJ/yr,IIASA Scenario Compass SCI 2025 v1.0; Europe (R10); all
Europe (R10),WITCH 4.6,WITCH,DISCRATE-Reference-dr4p,Final Energy|Residential and Commercial,2080,29.68524699495122,EJ/yr,IIASA Scenario Compass SCI 2025 v1.0; Europe (R10); all
Europe (R10),WITCH 4.6,WITCH,DISCRATE-Reference-dr4p,Final Energy|Residential and Commercial,2085,30.34333963879795,EJ/yr,IIASA Scenario Compass SCI 2025 v1.0; Europe (R10); all
Europe (R10),WITCH 4.6,WITCH,DISCRATE-Reference-dr4p,Final Energy|Residential and Commercial,2090,30.76436202290901,EJ/yr,IIASA Scenario Compass SCI 2025 v1.0; Europe (R10); all
Europe (R10),WITCH 4.6,WITCH,DISCRATE-Reference-dr4p,Final Energy|Residential and Commercial,2095,31.21565492002306,EJ/yr,IIASA Scenario Compass SCI 2025 v1.0; Europe (R10); all
Europe (R10),WITCH 4.6,WITCH,DISCRATE-Reference-dr4p,Final Energy|Residential and Commercial,2100,31.71619290571767,EJ/yr,IIASA Scenario Compass SCI 2025 v1.0; Europe (R10); all
Europe (R10),WITCH 4.6,WITCH,DISCRATE-Reference-dr5p,Final Energy|Residential and Commercial,2010,17.97097695366667,EJ/yr,IIASA Scenario Compass SCI 2025 v1.0; Europe (R10); all
Europe (R10),WITCH 4.6,WITCH,DISCRATE-Reference-dr5p,Final Energy|Residential and Commercial,2015,16.99215252,EJ/yr,IIASA Scenario Compass SCI 2025 v1.0; Europe (R10); all
Europe (R10),WITCH 4.6,WITCH,DISCRATE-Reference-dr5p,Final Energy|Residential and Commercial,2020,16.91794929024391,EJ/yr,IIASA Scenario Compass SCI 2025 v1.0; Europe (R10); all
Europe (R10),WITCH 4.6,WITCH,DISCRATE-Reference-dr5p,Final Energy|Residential and Commercial,2025,18.49058377125428,EJ/yr,IIASA Scenario Compass SCI 2025 v1.0; Europe (R10); all
Europe (R10),WITCH 4.6,WITCH,DISCRATE-Reference-dr5p,Final Energy|Residential and Commercial,2030,19.79840525637147,EJ/yr,IIASA Scenario Compass SCI 2025 v1.0; Europe (R10); all
Europe (R10),WITCH 4.6,WITCH,DISCRATE-Reference-dr5p,Final Energy|Residential and Commercial,2035,21.00376309707752,EJ/yr,IIASA Scenario Compass SCI 2025 v1.0; Europe (R10); all
Europe (R10),WITCH 4.6,WITCH,DISCRATE-Reference-dr5p,Final Energy|Residential and Commercial,2040,22.01856865045878,EJ/yr,IIASA Scenario Compass SCI 2025 v1.0; Europe (R10); all
Europe (R10),WITCH 4.6,WITCH,DISCRATE-Reference-dr5p,Final Energy|Residential and Commercial,2045,22.99716863473584,EJ/yr,IIASA Scenario Compass SCI 2025 v1.0; Europe (R10); all
Europe (R10),WITCH 4.6,WITCH,DISCRATE-Reference-dr5p,Final Energy|Residential and Commercial,2050,23.77114884224181,EJ/yr,IIASA Scenario Compass SCI 2025 v1.0; Europe (R10); all
Europe (R10),WITCH 4.6,WITCH,DISCRATE-Reference-dr5p,Final Energy|Residential and Commercial,2055,24.85731093143192,EJ/yr,IIASA Scenario Compass SCI 2025 v1.0; Europe (R10); all
Europe (R10),WITCH 4.6,WITCH,DISCRATE-Reference-dr5p,Final Energy|Residential and Commercial,2060,25.85636627725744,EJ/yr,IIASA Scenario Compass SCI 2025 v1.0; Europe (R10); all
Europe (R10),WITCH 4.6,WITCH,DISCRATE-Reference-dr5p,Final Energy|Residential and Commercial,2065,26.80465083345446,EJ/yr,IIASA Scenario Compass SCI 2025 v1.0; Europe (R10); all
Europe (R10),WITCH 4.6,WITCH,DISCRATE-Reference-dr5p,Final Energy|Residential and Commercial,2070,27.6328812652653,EJ/yr,IIASA Scenario Compass SCI 2025 v1.0; Europe (R10); all
Europe (R10),WITCH 4.6,WITCH,DISCRATE-Reference-dr5p,Final Energy|Residential and Commercial,2075,28.41131872747851,EJ/yr,IIASA Scenario Compass SCI 2025 v1.0; Europe (R10); all
Europe (R10),WITCH 4.6,WITCH,DISCRATE-Reference-dr5p,Final Energy|Residential and Commercial,2080,29.19427917517615,EJ/yr,IIASA Scenario Compass SCI 2025 v1.0; Europe (R10); all
Europe (R10),WITCH 4.6,WITCH,DISCRATE-Reference-dr5p,Final Energy|Residential and Commercial,2085,29.85825058389821,EJ/yr,IIASA Scenario Compass SCI 2025 v1.0; Europe (R10); all
Europe (R10),WITCH 4.6,WITCH,DISCRATE-Reference-dr5p,Final Energy|Residential and Commercial,2090,30.40427108500819,EJ/yr,IIASA Scenario Compass SCI 2025 v1.0; Europe (R10); all
Europe (R10),WITCH 4.6,WITCH,DISCRATE-Reference-dr5p,Final Energy|Residential and Commercial,2095,30.98629443554675,EJ/yr,IIASA Scenario Compass SCI 2025 v1.0; Europe (R10); all
Europe (R10),WITCH 4.6,WITCH,DISCRATE-Reference-dr5p,Final Energy|Residential and Commercial,2100,31.38617632654006,EJ/yr,IIASA Scenario Compass SCI 2025 v1.0; Europe (R10); all
